kotlin version: 2.0.21
error message: org.jetbrains.kotlin.backend.common.BackendException: Backend Internal error: Exception during IR lowering
File being compiled: F:/Kotlin/Dev/DrawGo/app/src/main/java/com/largeprob/drawgo/ui/DrawToolbar.kt
The root cause java.lang.RuntimeException was thrown at: org.jetbrains.kotlin.backend.jvm.codegen.FunctionCodegen.generate(FunctionCodegen.kt:47)
	at org.jetbrains.kotlin.backend.common.CodegenUtil.reportBackendException(CodegenUtil.kt:253)
	at org.jetbrains.kotlin.backend.common.CodegenUtil.reportBackendException$default(CodegenUtil.kt:236)
	at org.jetbrains.kotlin.backend.common.phaser.PerformByIrFilePhase.invokeSequential(performByIrFile.kt:65)
	at org.jetbrains.kotlin.backend.common.phaser.PerformByIrFilePhase.invoke(performByIrFile.kt:52)
	at org.jetbrains.kotlin.backend.common.phaser.PerformByIrFilePhase.invoke(performByIrFile.kt:38)
	at org.jetbrains.kotlin.backend.common.phaser.NamedCompilerPhase.phaseBody(CompilerPhase.kt:166)
	at org.jetbrains.kotlin.backend.common.phaser.AbstractNamedCompilerPhase.invoke(CompilerPhase.kt:113)
	at org.jetbrains.kotlin.backend.common.phaser.CompositePhase.invoke(PhaseBuilders.kt:27)
	at org.jetbrains.kotlin.backend.common.phaser.CompositePhase.invoke(PhaseBuilders.kt:14)
	at org.jetbrains.kotlin.backend.common.phaser.NamedCompilerPhase.phaseBody(CompilerPhase.kt:166)
	at org.jetbrains.kotlin.backend.common.phaser.AbstractNamedCompilerPhase.invoke(CompilerPhase.kt:113)
	at org.jetbrains.kotlin.backend.common.phaser.CompilerPhaseKt.invokeToplevel(CompilerPhase.kt:62)
	at org.jetbrains.kotlin.backend.jvm.JvmIrCodegenFactory.invokeCodegen(JvmIrCodegenFactory.kt:371)
	at org.jetbrains.kotlin.codegen.CodegenFactory.generateModule(CodegenFactory.kt:47)
	at org.jetbrains.kotlin.backend.jvm.JvmIrCodegenFactory.generateModuleInFrontendIRMode(JvmIrCodegenFactory.kt:433)
	at org.jetbrains.kotlin.cli.jvm.compiler.pipeline.JvmCompilerPipelineKt.generateCodeFromIr(jvmCompilerPipeline.kt:246)
	at org.jetbrains.kotlin.cli.jvm.compiler.pipeline.JvmCompilerPipelineKt.compileModulesUsingFrontendIrAndLightTree(jvmCompilerPipeline.kt:142)
	at org.jetbrains.kotlin.cli.jvm.K2JVMCompiler.doExecute(K2JVMCompiler.kt:148)
	at org.jetbrains.kotlin.cli.jvm.K2JVMCompiler.doExecute(K2JVMCompiler.kt:43)
	at org.jetbrains.kotlin.cli.common.CLICompiler.execImpl(CLICompiler.kt:103)
	at org.jetbrains.kotlin.cli.common.CLICompiler.execImpl(CLICompiler.kt:49)
	at org.jetbrains.kotlin.cli.common.CLITool.exec(CLITool.kt:101)
	at org.jetbrains.kotlin.incremental.IncrementalJvmCompilerRunner.runCompiler(IncrementalJvmCompilerRunner.kt:464)
	at org.jetbrains.kotlin.incremental.IncrementalJvmCompilerRunner.runCompiler(IncrementalJvmCompilerRunner.kt:73)
	at org.jetbrains.kotlin.incremental.IncrementalCompilerRunner.doCompile(IncrementalCompilerRunner.kt:506)
	at org.jetbrains.kotlin.incremental.IncrementalCompilerRunner.compileImpl(IncrementalCompilerRunner.kt:423)
	at org.jetbrains.kotlin.incremental.IncrementalCompilerRunner.tryCompileIncrementally$lambda$9$compile(IncrementalCompilerRunner.kt:249)
	at org.jetbrains.kotlin.incremental.IncrementalCompilerRunner.tryCompileIncrementally(IncrementalCompilerRunner.kt:267)
	at org.jetbrains.kotlin.incremental.IncrementalCompilerRunner.compile(IncrementalCompilerRunner.kt:120)
	at org.jetbrains.kotlin.daemon.CompileServiceImplBase.execIncrementalCompiler(CompileServiceImpl.kt:675)
	at org.jetbrains.kotlin.daemon.CompileServiceImplBase.access$execIncrementalCompiler(CompileServiceImpl.kt:92)
	at org.jetbrains.kotlin.daemon.CompileServiceImpl.compile(CompileServiceImpl.kt:1660)
	at java.base/jdk.internal.reflect.DirectMethodHandleAccessor.invoke(Unknown Source)
	at java.base/java.lang.reflect.Method.invoke(Unknown Source)
	at java.rmi/sun.rmi.server.UnicastServerRef.dispatch(Unknown Source)
	at java.rmi/sun.rmi.transport.Transport$1.run(Unknown Source)
	at java.rmi/sun.rmi.transport.Transport$1.run(Unknown Source)
	at java.base/java.security.AccessController.doPrivileged(Unknown Source)
	at java.rmi/sun.rmi.transport.Transport.serviceCall(Unknown Source)
	at java.rmi/sun.rmi.transport.tcp.TCPTransport.handleMessages(Unknown Source)
	at java.rmi/sun.rmi.transport.tcp.TCPTransport$ConnectionHandler.run0(Unknown Source)
	at java.rmi/sun.rmi.transport.tcp.TCPTransport$ConnectionHandler.lambda$run$0(Unknown Source)
	at java.base/java.security.AccessController.doPrivileged(Unknown Source)
	at java.rmi/sun.rmi.transport.tcp.TCPTransport$ConnectionHandler.run(Unknown Source)
	at java.base/java.util.concurrent.ThreadPoolExecutor.runWorker(Unknown Source)
	at java.base/java.util.concurrent.ThreadPoolExecutor$Worker.run(Unknown Source)
	at java.base/java.lang.Thread.run(Unknown Source)
Caused by: java.lang.RuntimeException: Exception while generating code for:
FUN name:ToolbarButtonsContainer visibility:private modality:FINAL <> (modifier:androidx.compose.ui.Modifier?, uiState:com.largeprob.drawgo.data.DrawingConfigState, allButtonsMap:kotlin.collections.Map<kotlin.String, com.largeprob.drawgo.ui.ToolbarButton>, onExpandToggleClick:kotlin.Function0<kotlin.Unit>, $composer:androidx.compose.runtime.Composer?, $changed:kotlin.Int, $default:kotlin.Int) returnType:kotlin.Unit
  annotations:
    Composable
    ComposableTarget(applier = "androidx.compose.ui.UiComposable")
  VALUE_PARAMETER name:modifier index:0 type:androidx.compose.ui.Modifier? [assignable]
  VALUE_PARAMETER name:uiState index:1 type:com.largeprob.drawgo.data.DrawingConfigState
  VALUE_PARAMETER name:allButtonsMap index:2 type:kotlin.collections.Map<kotlin.String, com.largeprob.drawgo.ui.ToolbarButton>
  VALUE_PARAMETER name:onExpandToggleClick index:3 type:kotlin.Function0<kotlin.Unit>
  VALUE_PARAMETER name:$composer index:4 type:androidx.compose.runtime.Composer? [assignable]
  VALUE_PARAMETER name:$changed index:5 type:kotlin.Int
  VALUE_PARAMETER MASK_FOR_DEFAULT_FUNCTION name:$default index:6 type:kotlin.Int
  BLOCK_BODY
    BLOCK type=kotlin.Unit origin=null
      SET_VAR '$composer: androidx.compose.runtime.Composer? [assignable] declared in com.largeprob.drawgo.ui.DrawToolbarKt.ToolbarButtonsContainer' type=kotlin.Unit origin=null
        CALL 'public abstract fun startRestartGroup (key: kotlin.Int): androidx.compose.runtime.Composer declared in androidx.compose.runtime.Composer' type=androidx.compose.runtime.Composer origin=null
          $this: GET_VAR '$composer: androidx.compose.runtime.Composer? [assignable] declared in com.largeprob.drawgo.ui.DrawToolbarKt.ToolbarButtonsContainer' type=androidx.compose.runtime.Composer? origin=null
          key: CONST Int type=kotlin.Int value=-1582094781
      CALL 'public final fun sourceInformation (composer: androidx.compose.runtime.Composer, sourceInformation: kotlin.String): kotlin.Unit declared in androidx.compose.runtime.ComposerKt' type=kotlin.Unit origin=null
        composer: GET_VAR '$composer: androidx.compose.runtime.Composer? [assignable] declared in com.largeprob.drawgo.ui.DrawToolbarKt.ToolbarButtonsContainer' type=androidx.compose.runtime.Composer? origin=null
        sourceInformation: CONST String type=kotlin.String value="C(ToolbarButtonsContainer)P(1,3):DrawToolbar.kt#n3ixf9"
    VAR name:$dirty type:kotlin.Int [val]
      GET_VAR '$changed: kotlin.Int declared in com.largeprob.drawgo.ui.DrawToolbarKt.ToolbarButtonsContainer' type=kotlin.Int origin=null
    WHEN type=kotlin.Unit origin=IF
      BRANCH
        if: CALL 'public final fun not (): kotlin.Boolean [operator] declared in kotlin.Boolean' type=kotlin.Boolean origin=null
          $this: CALL 'public final fun EQEQ (arg0: kotlin.Any?, arg1: kotlin.Any?): kotlin.Boolean declared in kotlin.internal.ir' type=kotlin.Boolean origin=null
            arg0: CALL 'public final fun and (other: kotlin.Int): kotlin.Int [infix] declared in kotlin.Int' type=kotlin.Int origin=null
              $this: GET_VAR '$default: kotlin.Int declared in com.largeprob.drawgo.ui.DrawToolbarKt.ToolbarButtonsContainer' type=kotlin.Int origin=null
              other: CONST Int type=kotlin.Int value=1
            arg1: CONST Int type=kotlin.Int value=0
        then: SET_VAR 'val $dirty: kotlin.Int [val] declared in com.largeprob.drawgo.ui.DrawToolbarKt.ToolbarButtonsContainer' type=kotlin.Unit origin=null
          CALL 'public final fun or (other: kotlin.Int): kotlin.Int [infix] declared in kotlin.Int' type=kotlin.Int origin=null
            $this: GET_VAR 'val $dirty: kotlin.Int [val] declared in com.largeprob.drawgo.ui.DrawToolbarKt.ToolbarButtonsContainer' type=kotlin.Int origin=null
            other: CONST Int type=kotlin.Int value=6
      BRANCH
        if: CALL 'public final fun EQEQ (arg0: kotlin.Any?, arg1: kotlin.Any?): kotlin.Boolean declared in kotlin.internal.ir' type=kotlin.Boolean origin=null
          arg0: CALL 'public final fun and (other: kotlin.Int): kotlin.Int [infix] declared in kotlin.Int' type=kotlin.Int origin=null
            $this: GET_VAR '$changed: kotlin.Int declared in com.largeprob.drawgo.ui.DrawToolbarKt.ToolbarButtonsContainer' type=kotlin.Int origin=null
            other: CONST Int type=kotlin.Int value=6
          arg1: CONST Int type=kotlin.Int value=0
        then: SET_VAR 'val $dirty: kotlin.Int [val] declared in com.largeprob.drawgo.ui.DrawToolbarKt.ToolbarButtonsContainer' type=kotlin.Unit origin=null
          CALL 'public final fun or (other: kotlin.Int): kotlin.Int [infix] declared in kotlin.Int' type=kotlin.Int origin=null
            $this: GET_VAR 'val $dirty: kotlin.Int [val] declared in com.largeprob.drawgo.ui.DrawToolbarKt.ToolbarButtonsContainer' type=kotlin.Int origin=null
            other: WHEN type=kotlin.Int origin=IF
              BRANCH
                if: CALL 'public abstract fun changed (value: kotlin.Any?): kotlin.Boolean declared in androidx.compose.runtime.Composer' type=kotlin.Boolean origin=null
                  $this: GET_VAR '$composer: androidx.compose.runtime.Composer? [assignable] declared in com.largeprob.drawgo.ui.DrawToolbarKt.ToolbarButtonsContainer' type=androidx.compose.runtime.Composer? origin=null
                  value: GET_VAR 'modifier: androidx.compose.ui.Modifier? [assignable] declared in com.largeprob.drawgo.ui.DrawToolbarKt.ToolbarButtonsContainer' type=androidx.compose.ui.Modifier? origin=null
                then: CONST Int type=kotlin.Int value=4
              BRANCH
                if: CONST Boolean type=kotlin.Boolean value=true
                then: CONST Int type=kotlin.Int value=2
    WHEN type=kotlin.Unit origin=IF
      BRANCH
        if: CALL 'public final fun not (): kotlin.Boolean [operator] declared in kotlin.Boolean' type=kotlin.Boolean origin=null
          $this: CALL 'public final fun EQEQ (arg0: kotlin.Any?, arg1: kotlin.Any?): kotlin.Boolean declared in kotlin.internal.ir' type=kotlin.Boolean origin=null
            arg0: CALL 'public final fun and (other: kotlin.Int): kotlin.Int [infix] declared in kotlin.Int' type=kotlin.Int origin=null
              $this: GET_VAR '$default: kotlin.Int declared in com.largeprob.drawgo.ui.DrawToolbarKt.ToolbarButtonsContainer' type=kotlin.Int origin=null
              other: CONST Int type=kotlin.Int value=2
            arg1: CONST Int type=kotlin.Int value=0
        then: SET_VAR 'val $dirty: kotlin.Int [val] declared in com.largeprob.drawgo.ui.DrawToolbarKt.ToolbarButtonsContainer' type=kotlin.Unit origin=null
          CALL 'public final fun or (other: kotlin.Int): kotlin.Int [infix] declared in kotlin.Int' type=kotlin.Int origin=null
            $this: GET_VAR 'val $dirty: kotlin.Int [val] declared in com.largeprob.drawgo.ui.DrawToolbarKt.ToolbarButtonsContainer' type=kotlin.Int origin=null
            other: CONST Int type=kotlin.Int value=48
      BRANCH
        if: CALL 'public final fun EQEQ (arg0: kotlin.Any?, arg1: kotlin.Any?): kotlin.Boolean declared in kotlin.internal.ir' type=kotlin.Boolean origin=null
          arg0: CALL 'public final fun and (other: kotlin.Int): kotlin.Int [infix] declared in kotlin.Int' type=kotlin.Int origin=null
            $this: GET_VAR '$changed: kotlin.Int declared in com.largeprob.drawgo.ui.DrawToolbarKt.ToolbarButtonsContainer' type=kotlin.Int origin=null
            other: CONST Int type=kotlin.Int value=48
          arg1: CONST Int type=kotlin.Int value=0
        then: SET_VAR 'val $dirty: kotlin.Int [val] declared in com.largeprob.drawgo.ui.DrawToolbarKt.ToolbarButtonsContainer' type=kotlin.Unit origin=null
          CALL 'public final fun or (other: kotlin.Int): kotlin.Int [infix] declared in kotlin.Int' type=kotlin.Int origin=null
            $this: GET_VAR 'val $dirty: kotlin.Int [val] declared in com.largeprob.drawgo.ui.DrawToolbarKt.ToolbarButtonsContainer' type=kotlin.Int origin=null
            other: WHEN type=kotlin.Int origin=IF
              BRANCH
                if: WHEN type=kotlin.Boolean origin=IF
                  BRANCH
                    if: CALL 'public final fun EQEQ (arg0: kotlin.Any?, arg1: kotlin.Any?): kotlin.Boolean declared in kotlin.internal.ir' type=kotlin.Boolean origin=null
                      arg0: CALL 'public final fun and (other: kotlin.Int): kotlin.Int [infix] declared in kotlin.Int' type=kotlin.Int origin=null
                        $this: GET_VAR '$changed: kotlin.Int declared in com.largeprob.drawgo.ui.DrawToolbarKt.ToolbarButtonsContainer' type=kotlin.Int origin=null
                        other: CONST Int type=kotlin.Int value=64
                      arg1: CONST Int type=kotlin.Int value=0
                    then: CALL 'public abstract fun changed (value: kotlin.Any?): kotlin.Boolean declared in androidx.compose.runtime.Composer' type=kotlin.Boolean origin=null
                      $this: GET_VAR '$composer: androidx.compose.runtime.Composer? [assignable] declared in com.largeprob.drawgo.ui.DrawToolbarKt.ToolbarButtonsContainer' type=androidx.compose.runtime.Composer? origin=null
                      value: GET_VAR 'uiState: com.largeprob.drawgo.data.DrawingConfigState declared in com.largeprob.drawgo.ui.DrawToolbarKt.ToolbarButtonsContainer' type=com.largeprob.drawgo.data.DrawingConfigState origin=null
                  BRANCH
                    if: CONST Boolean type=kotlin.Boolean value=true
                    then: CALL 'public open fun changedInstance (value: kotlin.Any?): kotlin.Boolean declared in androidx.compose.runtime.Composer' type=kotlin.Boolean origin=null
                      $this: GET_VAR '$composer: androidx.compose.runtime.Composer? [assignable] declared in com.largeprob.drawgo.ui.DrawToolbarKt.ToolbarButtonsContainer' type=androidx.compose.runtime.Composer? origin=null
                      value: GET_VAR 'uiState: com.largeprob.drawgo.data.DrawingConfigState declared in com.largeprob.drawgo.ui.DrawToolbarKt.ToolbarButtonsContainer' type=com.largeprob.drawgo.data.DrawingConfigState origin=null
                then: CONST Int type=kotlin.Int value=32
              BRANCH
                if: CONST Boolean type=kotlin.Boolean value=true
                then: CONST Int type=kotlin.Int value=16
    WHEN type=kotlin.Unit origin=IF
      BRANCH
        if: CALL 'public final fun not (): kotlin.Boolean [operator] declared in kotlin.Boolean' type=kotlin.Boolean origin=null
          $this: CALL 'public final fun EQEQ (arg0: kotlin.Any?, arg1: kotlin.Any?): kotlin.Boolean declared in kotlin.internal.ir' type=kotlin.Boolean origin=null
            arg0: CALL 'public final fun and (other: kotlin.Int): kotlin.Int [infix] declared in kotlin.Int' type=kotlin.Int origin=null
              $this: GET_VAR '$default: kotlin.Int declared in com.largeprob.drawgo.ui.DrawToolbarKt.ToolbarButtonsContainer' type=kotlin.Int origin=null
              other: CONST Int type=kotlin.Int value=4
            arg1: CONST Int type=kotlin.Int value=0
        then: SET_VAR 'val $dirty: kotlin.Int [val] declared in com.largeprob.drawgo.ui.DrawToolbarKt.ToolbarButtonsContainer' type=kotlin.Unit origin=null
          CALL 'public final fun or (other: kotlin.Int): kotlin.Int [infix] declared in kotlin.Int' type=kotlin.Int origin=null
            $this: GET_VAR 'val $dirty: kotlin.Int [val] declared in com.largeprob.drawgo.ui.DrawToolbarKt.ToolbarButtonsContainer' type=kotlin.Int origin=null
            other: CONST Int type=kotlin.Int value=384
      BRANCH
        if: CALL 'public final fun EQEQ (arg0: kotlin.Any?, arg1: kotlin.Any?): kotlin.Boolean declared in kotlin.internal.ir' type=kotlin.Boolean origin=null
          arg0: CALL 'public final fun and (other: kotlin.Int): kotlin.Int [infix] declared in kotlin.Int' type=kotlin.Int origin=null
            $this: GET_VAR '$changed: kotlin.Int declared in com.largeprob.drawgo.ui.DrawToolbarKt.ToolbarButtonsContainer' type=kotlin.Int origin=null
            other: CONST Int type=kotlin.Int value=384
          arg1: CONST Int type=kotlin.Int value=0
        then: SET_VAR 'val $dirty: kotlin.Int [val] declared in com.largeprob.drawgo.ui.DrawToolbarKt.ToolbarButtonsContainer' type=kotlin.Unit origin=null
          CALL 'public final fun or (other: kotlin.Int): kotlin.Int [infix] declared in kotlin.Int' type=kotlin.Int origin=null
            $this: GET_VAR 'val $dirty: kotlin.Int [val] declared in com.largeprob.drawgo.ui.DrawToolbarKt.ToolbarButtonsContainer' type=kotlin.Int origin=null
            other: WHEN type=kotlin.Int origin=IF
              BRANCH
                if: CALL 'public open fun changedInstance (value: kotlin.Any?): kotlin.Boolean declared in androidx.compose.runtime.Composer' type=kotlin.Boolean origin=null
                  $this: GET_VAR '$composer: androidx.compose.runtime.Composer? [assignable] declared in com.largeprob.drawgo.ui.DrawToolbarKt.ToolbarButtonsContainer' type=androidx.compose.runtime.Composer? origin=null
                  value: GET_VAR 'allButtonsMap: kotlin.collections.Map<kotlin.String, com.largeprob.drawgo.ui.ToolbarButton> declared in com.largeprob.drawgo.ui.DrawToolbarKt.ToolbarButtonsContainer' type=kotlin.collections.Map<kotlin.String, com.largeprob.drawgo.ui.ToolbarButton> origin=null
                then: CONST Int type=kotlin.Int value=256
              BRANCH
                if: CONST Boolean type=kotlin.Boolean value=true
                then: CONST Int type=kotlin.Int value=128
    WHEN type=kotlin.Unit origin=IF
      BRANCH
        if: CALL 'public final fun not (): kotlin.Boolean [operator] declared in kotlin.Boolean' type=kotlin.Boolean origin=null
          $this: CALL 'public final fun EQEQ (arg0: kotlin.Any?, arg1: kotlin.Any?): kotlin.Boolean declared in kotlin.internal.ir' type=kotlin.Boolean origin=null
            arg0: CALL 'public final fun and (other: kotlin.Int): kotlin.Int [infix] declared in kotlin.Int' type=kotlin.Int origin=null
              $this: GET_VAR '$default: kotlin.Int declared in com.largeprob.drawgo.ui.DrawToolbarKt.ToolbarButtonsContainer' type=kotlin.Int origin=null
              other: CONST Int type=kotlin.Int value=8
            arg1: CONST Int type=kotlin.Int value=0
        then: SET_VAR 'val $dirty: kotlin.Int [val] declared in com.largeprob.drawgo.ui.DrawToolbarKt.ToolbarButtonsContainer' type=kotlin.Unit origin=null
          CALL 'public final fun or (other: kotlin.Int): kotlin.Int [infix] declared in kotlin.Int' type=kotlin.Int origin=null
            $this: GET_VAR 'val $dirty: kotlin.Int [val] declared in com.largeprob.drawgo.ui.DrawToolbarKt.ToolbarButtonsContainer' type=kotlin.Int origin=null
            other: CONST Int type=kotlin.Int value=3072
      BRANCH
        if: CALL 'public final fun EQEQ (arg0: kotlin.Any?, arg1: kotlin.Any?): kotlin.Boolean declared in kotlin.internal.ir' type=kotlin.Boolean origin=null
          arg0: CALL 'public final fun and (other: kotlin.Int): kotlin.Int [infix] declared in kotlin.Int' type=kotlin.Int origin=null
            $this: GET_VAR '$changed: kotlin.Int declared in com.largeprob.drawgo.ui.DrawToolbarKt.ToolbarButtonsContainer' type=kotlin.Int origin=null
            other: CONST Int type=kotlin.Int value=3072
          arg1: CONST Int type=kotlin.Int value=0
        then: SET_VAR 'val $dirty: kotlin.Int [val] declared in com.largeprob.drawgo.ui.DrawToolbarKt.ToolbarButtonsContainer' type=kotlin.Unit origin=null
          CALL 'public final fun or (other: kotlin.Int): kotlin.Int [infix] declared in kotlin.Int' type=kotlin.Int origin=null
            $this: GET_VAR 'val $dirty: kotlin.Int [val] declared in com.largeprob.drawgo.ui.DrawToolbarKt.ToolbarButtonsContainer' type=kotlin.Int origin=null
            other: WHEN type=kotlin.Int origin=IF
              BRANCH
                if: CALL 'public open fun changedInstance (value: kotlin.Any?): kotlin.Boolean declared in androidx.compose.runtime.Composer' type=kotlin.Boolean origin=null
                  $this: GET_VAR '$composer: androidx.compose.runtime.Composer? [assignable] declared in com.largeprob.drawgo.ui.DrawToolbarKt.ToolbarButtonsContainer' type=androidx.compose.runtime.Composer? origin=null
                  value: GET_VAR 'onExpandToggleClick: kotlin.Function0<kotlin.Unit> declared in com.largeprob.drawgo.ui.DrawToolbarKt.ToolbarButtonsContainer' type=kotlin.Function0<kotlin.Unit> origin=null
                then: CONST Int type=kotlin.Int value=2048
              BRANCH
                if: CONST Boolean type=kotlin.Boolean value=true
                then: CONST Int type=kotlin.Int value=1024
    WHEN type=kotlin.Unit origin=IF
      BRANCH
        if: CALL 'public final fun OROR (arg0: kotlin.Boolean, arg1: kotlin.Boolean): kotlin.Boolean declared in kotlin.internal.ir' type=kotlin.Boolean origin=null
          arg0: CALL 'public final fun not (): kotlin.Boolean [operator] declared in kotlin.Boolean' type=kotlin.Boolean origin=null
            $this: CALL 'public final fun EQEQ (arg0: kotlin.Any?, arg1: kotlin.Any?): kotlin.Boolean declared in kotlin.internal.ir' type=kotlin.Boolean origin=null
              arg0: CALL 'public final fun and (other: kotlin.Int): kotlin.Int [infix] declared in kotlin.Int' type=kotlin.Int origin=null
                $this: GET_VAR 'val $dirty: kotlin.Int [val] declared in com.largeprob.drawgo.ui.DrawToolbarKt.ToolbarButtonsContainer' type=kotlin.Int origin=null
                other: CONST Int type=kotlin.Int value=1171
              arg1: CONST Int type=kotlin.Int value=1170
          arg1: CALL 'public final fun not (): kotlin.Boolean [operator] declared in kotlin.Boolean' type=kotlin.Boolean origin=null
            $this: CALL 'public abstract fun <get-skipping> (): kotlin.Boolean declared in androidx.compose.runtime.Composer' type=kotlin.Boolean origin=null
              $this: GET_VAR '$composer: androidx.compose.runtime.Composer? [assignable] declared in com.largeprob.drawgo.ui.DrawToolbarKt.ToolbarButtonsContainer' type=androidx.compose.runtime.Composer? origin=null
        then: BLOCK type=kotlin.Unit origin=null
          WHEN type=kotlin.Unit origin=IF
            BRANCH
              if: CALL 'public final fun not (): kotlin.Boolean [operator] declared in kotlin.Boolean' type=kotlin.Boolean origin=null
                $this: CALL 'public final fun EQEQ (arg0: kotlin.Any?, arg1: kotlin.Any?): kotlin.Boolean declared in kotlin.internal.ir' type=kotlin.Boolean origin=null
                  arg0: CALL 'public final fun and (other: kotlin.Int): kotlin.Int [infix] declared in kotlin.Int' type=kotlin.Int origin=null
                    $this: GET_VAR '$default: kotlin.Int declared in com.largeprob.drawgo.ui.DrawToolbarKt.ToolbarButtonsContainer' type=kotlin.Int origin=null
                    other: CONST Int type=kotlin.Int value=1
                  arg1: CONST Int type=kotlin.Int value=0
              then: SET_VAR 'modifier: androidx.compose.ui.Modifier? [assignable] declared in com.largeprob.drawgo.ui.DrawToolbarKt.ToolbarButtonsContainer' type=kotlin.Unit origin=null
                GET_FIELD 'FIELD FIELD_FOR_OBJECT_INSTANCE name:Companion type:androidx.compose.ui.Modifier.Companion visibility:public [final,static] declared in androidx.compose.ui.Modifier' type=androidx.compose.ui.Modifier.Companion origin=null
          WHEN type=kotlin.Unit origin=IF
            BRANCH
              if: CALL 'public final fun isTraceInProgress (): kotlin.Boolean declared in androidx.compose.runtime.ComposerKt' type=kotlin.Boolean origin=null
              then: CALL 'public final fun traceEventStart (key: kotlin.Int, dirty1: kotlin.Int, dirty2: kotlin.Int, info: kotlin.String): kotlin.Unit declared in androidx.compose.runtime.ComposerKt' type=kotlin.Unit origin=null
                key: CONST Int type=kotlin.Int value=-1582094781
                dirty1: GET_VAR 'val $dirty: kotlin.Int [val] declared in com.largeprob.drawgo.ui.DrawToolbarKt.ToolbarButtonsContainer' type=kotlin.Int origin=null
                dirty2: CONST Int type=kotlin.Int value=-1
                info: CONST String type=kotlin.String value="com.largeprob.drawgo.ui.ToolbarButtonsContainer (DrawToolbar.kt:255)"
          VAR name:orientation type:com.largeprob.drawgo.data.ToolbarOrientation [val]
            CALL 'public final fun <get-toolbarOrientation> (): com.largeprob.drawgo.data.ToolbarOrientation declared in com.largeprob.drawgo.data.DrawingConfigState' type=com.largeprob.drawgo.data.ToolbarOrientation origin=GET_PROPERTY
              $this: GET_VAR 'uiState: com.largeprob.drawgo.data.DrawingConfigState declared in com.largeprob.drawgo.ui.DrawToolbarKt.ToolbarButtonsContainer' type=com.largeprob.drawgo.data.DrawingConfigState origin=null
          VAR name:isFirstDrawerOpen type:kotlin.Boolean [val]
            CALL 'public final fun <get-firstDrawerOpen> (): kotlin.Boolean declared in com.largeprob.drawgo.data.DrawingConfigState' type=kotlin.Boolean origin=GET_PROPERTY
              $this: GET_VAR 'uiState: com.largeprob.drawgo.data.DrawingConfigState declared in com.largeprob.drawgo.ui.DrawToolbarKt.ToolbarButtonsContainer' type=com.largeprob.drawgo.data.DrawingConfigState origin=null
          VAR name:isSecondDrawerOpen type:kotlin.Boolean [val]
            CALL 'public final fun <get-secondDrawerOpen> (): kotlin.Boolean declared in com.largeprob.drawgo.data.DrawingConfigState' type=kotlin.Boolean origin=GET_PROPERTY
              $this: GET_VAR 'uiState: com.largeprob.drawgo.data.DrawingConfigState declared in com.largeprob.drawgo.ui.DrawToolbarKt.ToolbarButtonsContainer' type=com.largeprob.drawgo.data.DrawingConfigState origin=null
          VAR name:firstDrawerButtonIds type:kotlin.collections.Set<kotlin.String> [val]
            CALL 'public final fun <get-firstDrawerButtons> (): kotlin.collections.Set<kotlin.String> declared in com.largeprob.drawgo.data.DrawingConfigState' type=kotlin.collections.Set<kotlin.String> origin=GET_PROPERTY
              $this: GET_VAR 'uiState: com.largeprob.drawgo.data.DrawingConfigState declared in com.largeprob.drawgo.ui.DrawToolbarKt.ToolbarButtonsContainer' type=com.largeprob.drawgo.data.DrawingConfigState origin=null
          VAR name:secondDrawerButtonIds type:kotlin.collections.Set<kotlin.String> [val]
            CALL 'public final fun <get-secondDrawerButtons> (): kotlin.collections.Set<kotlin.String> declared in com.largeprob.drawgo.data.DrawingConfigState' type=kotlin.collections.Set<kotlin.String> origin=GET_PROPERTY
              $this: GET_VAR 'uiState: com.largeprob.drawgo.data.DrawingConfigState declared in com.largeprob.drawgo.ui.DrawToolbarKt.ToolbarButtonsContainer' type=com.largeprob.drawgo.data.DrawingConfigState origin=null
          VAR name:secondDrawerPinnedButtons type:kotlin.collections.Set<kotlin.String> [val]
            CALL 'public final fun <get-secondDrawerPinnedButtons> (): kotlin.collections.Set<kotlin.String> declared in com.largeprob.drawgo.data.DrawingConfigState' type=kotlin.collections.Set<kotlin.String> origin=GET_PROPERTY
              $this: GET_VAR 'uiState: com.largeprob.drawgo.data.DrawingConfigState declared in com.largeprob.drawgo.ui.DrawToolbarKt.ToolbarButtonsContainer' type=com.largeprob.drawgo.data.DrawingConfigState origin=null
          VAR name:standaloneButtonIds type:kotlin.collections.List<kotlin.String> [val]
            CALL 'public final fun filter <T> (predicate: kotlin.Function1<T of kotlin.collections.CollectionsKt.filter, kotlin.Boolean>): kotlin.collections.List<T of kotlin.collections.CollectionsKt.filter> [inline] declared in kotlin.collections.CollectionsKt' type=kotlin.collections.List<kotlin.String> origin=null
              <T>: kotlin.String
              $receiver: CALL 'public abstract fun <get-keys> (): kotlin.collections.Set<K of kotlin.collections.Map> declared in kotlin.collections.Map' type=kotlin.collections.Set<kotlin.String> origin=GET_PROPERTY
                $this: GET_VAR 'allButtonsMap: kotlin.collections.Map<kotlin.String, com.largeprob.drawgo.ui.ToolbarButton> declared in com.largeprob.drawgo.ui.DrawToolbarKt.ToolbarButtonsContainer' type=kotlin.collections.Map<kotlin.String, com.largeprob.drawgo.ui.ToolbarButton> origin=null
              predicate: BLOCK type=kotlin.Function1<kotlin.String, kotlin.Boolean> origin=LAMBDA
                COMPOSITE type=kotlin.Unit origin=null
                FUNCTION_REFERENCE 'private final fun ToolbarButtonsContainer$lambda$22 ($firstDrawerButtonIds: kotlin.collections.Set<kotlin.String>, $secondDrawerButtonIds: kotlin.collections.Set<kotlin.String>, it: kotlin.String): kotlin.Boolean declared in com.largeprob.drawgo.ui.DrawToolbarKt' type=kotlin.Function1<kotlin.String, kotlin.Boolean> origin=INLINE_LAMBDA reflectionTarget=null
                  $firstDrawerButtonIds: GET_VAR 'val firstDrawerButtonIds: kotlin.collections.Set<kotlin.String> [val] declared in com.largeprob.drawgo.ui.DrawToolbarKt.ToolbarButtonsContainer' type=kotlin.collections.Set<kotlin.String> origin=null
                  $secondDrawerButtonIds: GET_VAR 'val secondDrawerButtonIds: kotlin.collections.Set<kotlin.String> [val] declared in com.largeprob.drawgo.ui.DrawToolbarKt.ToolbarButtonsContainer' type=kotlin.collections.Set<kotlin.String> origin=null
          VAR name:arrangement type:androidx.compose.foundation.layout.Arrangement.HorizontalOrVertical [val]
            CALL 'public final fun spacedBy-0680j_4 (space: androidx.compose.ui.unit.Dp): androidx.compose.foundation.layout.Arrangement.HorizontalOrVertical declared in androidx.compose.foundation.layout.Arrangement' type=androidx.compose.foundation.layout.Arrangement.HorizontalOrVertical origin=null
              $this: GET_FIELD 'FIELD FIELD_FOR_OBJECT_INSTANCE name:INSTANCE type:androidx.compose.foundation.layout.Arrangement visibility:public [final,static] declared in androidx.compose.foundation.layout.Arrangement' type=androidx.compose.foundation.layout.Arrangement origin=null
              space: CALL 'public final fun <get-dp> (): androidx.compose.ui.unit.Dp [inline] declared in androidx.compose.ui.unit.DpKt' type=androidx.compose.ui.unit.Dp origin=GET_PROPERTY
                $receiver: CONST Int type=kotlin.Int value=8
          VAR name:popupAlignment type:androidx.compose.ui.Alignment [val]
            BLOCK type=androidx.compose.ui.Alignment origin=WHEN
              VAR IR_TEMPORARY_VARIABLE name:tmp0_subject type:com.largeprob.drawgo.data.ToolbarOrientation [val]
                GET_VAR 'val orientation: com.largeprob.drawgo.data.ToolbarOrientation [val] declared in com.largeprob.drawgo.ui.DrawToolbarKt.ToolbarButtonsContainer' type=com.largeprob.drawgo.data.ToolbarOrientation origin=null
              VAR IR_TEMPORARY_VARIABLE name:tmp0 type:kotlin.Int [val]
                CALL 'public final fun get (index: kotlin.Int): kotlin.Int [operator] declared in kotlin.IntArray' type=kotlin.Int origin=null
                  $this: GET_FIELD 'FIELD ENUM_MAPPINGS_FOR_WHEN name:$EnumSwitchMapping$0 type:kotlin.IntArray visibility:public [final,static] declared in com.largeprob.drawgo.ui.DrawToolbarKt.WhenMappings' type=kotlin.IntArray origin=null
                  index: CALL 'public final fun <get-ordinal> (): kotlin.Int [fake_override] declared in com.largeprob.drawgo.data.ToolbarOrientation' type=kotlin.Int origin=null
                    $this: GET_VAR 'val tmp0_subject: com.largeprob.drawgo.data.ToolbarOrientation [val] declared in com.largeprob.drawgo.ui.DrawToolbarKt.ToolbarButtonsContainer' type=com.largeprob.drawgo.data.ToolbarOrientation origin=null
              WHEN type=androidx.compose.ui.Alignment origin=WHEN
                BRANCH
                  if: CALL 'public final fun EQEQ (arg0: kotlin.Any?, arg1: kotlin.Any?): kotlin.Boolean declared in kotlin.internal.ir' type=kotlin.Boolean origin=null
                    arg0: GET_VAR 'val tmp0: kotlin.Int [val] declared in com.largeprob.drawgo.ui.DrawToolbarKt.ToolbarButtonsContainer' type=kotlin.Int origin=null
                    arg1: CONST Int type=kotlin.Int value=1
                  then: CALL 'public final fun <get-TopCenter> (): androidx.compose.ui.Alignment declared in androidx.compose.ui.Alignment.Companion' type=androidx.compose.ui.Alignment origin=GET_PROPERTY
                    $this: GET_FIELD 'FIELD FIELD_FOR_OBJECT_INSTANCE name:Companion type:androidx.compose.ui.Alignment.Companion visibility:public [final,static] declared in androidx.compose.ui.Alignment' type=androidx.compose.ui.Alignment.Companion origin=null
                BRANCH
                  if: CALL 'public final fun EQEQ (arg0: kotlin.Any?, arg1: kotlin.Any?): kotlin.Boolean declared in kotlin.internal.ir' type=kotlin.Boolean origin=null
                    arg0: GET_VAR 'val tmp0: kotlin.Int [val] declared in com.largeprob.drawgo.ui.DrawToolbarKt.ToolbarButtonsContainer' type=kotlin.Int origin=null
                    arg1: CONST Int type=kotlin.Int value=2
                  then: CALL 'public final fun <get-CenterEnd> (): androidx.compose.ui.Alignment declared in androidx.compose.ui.Alignment.Companion' type=androidx.compose.ui.Alignment origin=GET_PROPERTY
                    $this: GET_FIELD 'FIELD FIELD_FOR_OBJECT_INSTANCE name:Companion type:androidx.compose.ui.Alignment.Companion visibility:public [final,static] declared in androidx.compose.ui.Alignment' type=androidx.compose.ui.Alignment.Companion origin=null
                BRANCH
                  if: CONST Boolean type=kotlin.Boolean value=true
                  then: THROW type=kotlin.Nothing
                    CONSTRUCTOR_CALL 'public constructor <init> (p0: @[FlexibleNullability] kotlin.String?) declared in java.lang.Exception' type=java.lang.Exception origin=null
                      p0: CONST String type=kotlin.String value=""
          VAR name:animatedContentSize type:androidx.compose.ui.Modifier [val]
            CALL 'public final fun animateContentSize$default (animationSpec: androidx.compose.animation.core.FiniteAnimationSpec<androidx.compose.ui.unit.IntSize>?, finishedListener: kotlin.Function2<@[ParameterName(name = "initialValue")] androidx.compose.ui.unit.IntSize, @[ParameterName(name = "targetValue")] androidx.compose.ui.unit.IntSize, kotlin.Unit>?, $mask0: kotlin.Int, $handler: kotlin.Any?): androidx.compose.ui.Modifier declared in androidx.compose.animation.AnimationModifierKt' type=androidx.compose.ui.Modifier origin=DEFAULT_DISPATCH_CALL
              $receiver: GET_FIELD 'FIELD FIELD_FOR_OBJECT_INSTANCE name:Companion type:androidx.compose.ui.Modifier.Companion visibility:public [final,static] declared in androidx.compose.ui.Modifier' type=androidx.compose.ui.Modifier.Companion origin=null
              animationSpec: TYPE_OP type=androidx.compose.animation.core.SpringSpec<androidx.compose.ui.unit.IntSize> origin=IMPLICIT_CAST typeOperand=androidx.compose.animation.core.SpringSpec<androidx.compose.ui.unit.IntSize>
                CALL 'public final fun spring$default <T> (dampingRatio: kotlin.Float, stiffness: kotlin.Float, visibilityThreshold: T of androidx.compose.animation.core.AnimationSpecKt.spring$default?, $mask0: kotlin.Int, $handler: kotlin.Any?): androidx.compose.animation.core.SpringSpec<T of androidx.compose.animation.core.AnimationSpecKt.spring$default> declared in androidx.compose.animation.core.AnimationSpecKt' type=androidx.compose.animation.core.SpringSpec<T of androidx.compose.animation.core.AnimationSpecKt.spring$default> origin=DEFAULT_DISPATCH_CALL
                  <T>: androidx.compose.ui.unit.IntSize
                  dampingRatio: CONST Float type=kotlin.Float value=0.75
                  stiffness: COMPOSITE type=kotlin.Float origin=DEFAULT_VALUE
                    CONST Float type=kotlin.Float value=0.0
                  visibilityThreshold: COMPOSITE type=T of androidx.compose.animation.core.AnimationSpecKt.spring$default? origin=DEFAULT_VALUE
                    CONST Null type=kotlin.Any? value=null
                  $mask0: CONST Int type=kotlin.Int value=6
                  $handler: CONST Null type=kotlin.Any? value=null
              finishedListener: COMPOSITE type=kotlin.Function2<@[ParameterName(name = "initialValue")] androidx.compose.ui.unit.IntSize, @[ParameterName(name = "targetValue")] androidx.compose.ui.unit.IntSize, kotlin.Unit>? origin=DEFAULT_VALUE
                CONST Null type=kotlin.Function2<@[ParameterName(name = "initialValue")] androidx.compose.ui.unit.IntSize, @[ParameterName(name = "targetValue")] androidx.compose.ui.unit.IntSize, kotlin.Unit>? value=null
              $mask0: CONST Int type=kotlin.Int value=2
              $handler: CONST Null type=kotlin.Any? value=null
          BLOCK type=kotlin.Unit origin=WHEN
            VAR IR_TEMPORARY_VARIABLE name:tmp1_subject type:com.largeprob.drawgo.data.ToolbarOrientation [val]
              GET_VAR 'val orientation: com.largeprob.drawgo.data.ToolbarOrientation [val] declared in com.largeprob.drawgo.ui.DrawToolbarKt.ToolbarButtonsContainer' type=com.largeprob.drawgo.data.ToolbarOrientation origin=null
            VAR IR_TEMPORARY_VARIABLE name:tmp0 type:kotlin.Int [val]
              CALL 'public final fun get (index: kotlin.Int): kotlin.Int [operator] declared in kotlin.IntArray' type=kotlin.Int origin=null
                $this: GET_FIELD 'FIELD ENUM_MAPPINGS_FOR_WHEN name:$EnumSwitchMapping$0 type:kotlin.IntArray visibility:public [final,static] declared in com.largeprob.drawgo.ui.DrawToolbarKt.WhenMappings' type=kotlin.IntArray origin=null
                index: CALL 'public final fun <get-ordinal> (): kotlin.Int [fake_override] declared in com.largeprob.drawgo.data.ToolbarOrientation' type=kotlin.Int origin=null
                  $this: GET_VAR 'val tmp1_subject: com.largeprob.drawgo.data.ToolbarOrientation [val] declared in com.largeprob.drawgo.ui.DrawToolbarKt.ToolbarButtonsContainer' type=com.largeprob.drawgo.data.ToolbarOrientation origin=null
            WHEN type=kotlin.Unit origin=WHEN
              BRANCH
                if: CALL 'public final fun EQEQ (arg0: kotlin.Any?, arg1: kotlin.Any?): kotlin.Boolean declared in kotlin.internal.ir' type=kotlin.Boolean origin=null
                  arg0: GET_VAR 'val tmp0: kotlin.Int [val] declared in com.largeprob.drawgo.ui.DrawToolbarKt.ToolbarButtonsContainer' type=kotlin.Int origin=null
                  arg1: CONST Int type=kotlin.Int value=1
                then: BLOCK type=kotlin.Unit origin=null
                  BLOCK type=kotlin.Unit origin=null
                    CALL 'public abstract fun startReplaceGroup (key: kotlin.Int): kotlin.Unit declared in androidx.compose.runtime.Composer' type=kotlin.Unit origin=null
                      $this: GET_VAR '$composer: androidx.compose.runtime.Composer? [assignable] declared in com.largeprob.drawgo.ui.DrawToolbarKt.ToolbarButtonsContainer' type=androidx.compose.runtime.Composer? origin=null
                      key: CONST Int type=kotlin.Int value=231676638
                    CALL 'public final fun sourceInformation (composer: androidx.compose.runtime.Composer, sourceInformation: kotlin.String): kotlin.Unit declared in androidx.compose.runtime.ComposerKt' type=kotlin.Unit origin=null
                      composer: GET_VAR '$composer: androidx.compose.runtime.Composer? [assignable] declared in com.largeprob.drawgo.ui.DrawToolbarKt.ToolbarButtonsContainer' type=androidx.compose.runtime.Composer? origin=null
                      sourceInformation: CONST String type=kotlin.String value="288@10517L3284"
                  BLOCK type=kotlin.Unit origin=null
                    BLOCK type=kotlin.Unit origin=ARGUMENTS_REORDERING_FOR_CALL
                      VAR IR_TEMPORARY_VARIABLE name:tmp2_modifier type:androidx.compose.ui.Modifier [val]
                        CALL 'public open fun then (other: androidx.compose.ui.Modifier): androidx.compose.ui.Modifier [infix] declared in androidx.compose.ui.Modifier' type=androidx.compose.ui.Modifier origin=null
                          $this: GET_VAR 'modifier: androidx.compose.ui.Modifier? [assignable] declared in com.largeprob.drawgo.ui.DrawToolbarKt.ToolbarButtonsContainer' type=androidx.compose.ui.Modifier origin=null
                          other: GET_VAR 'val animatedContentSize: androidx.compose.ui.Modifier [val] declared in com.largeprob.drawgo.ui.DrawToolbarKt.ToolbarButtonsContainer' type=androidx.compose.ui.Modifier origin=null
                      VAR IR_TEMPORARY_VARIABLE name:tmp3_verticalAlignment type:androidx.compose.ui.Alignment.Vertical [val]
                        CALL 'public final fun <get-CenterVertically> (): androidx.compose.ui.Alignment.Vertical declared in androidx.compose.ui.Alignment.Companion' type=androidx.compose.ui.Alignment.Vertical origin=GET_PROPERTY
                          $this: GET_FIELD 'FIELD FIELD_FOR_OBJECT_INSTANCE name:Companion type:androidx.compose.ui.Alignment.Companion visibility:public [final,static] declared in androidx.compose.ui.Alignment' type=androidx.compose.ui.Alignment.Companion origin=null
                      CALL 'public final fun Row (modifier: androidx.compose.ui.Modifier?, horizontalArrangement: androidx.compose.foundation.layout.Arrangement.Horizontal?, verticalAlignment: androidx.compose.ui.Alignment.Vertical?, content: @[ExtensionFunctionType] kotlin.Function3<androidx.compose.foundation.layout.RowScope, androidx.compose.runtime.Composer, kotlin.Int, kotlin.Unit>, $composer: androidx.compose.runtime.Composer?, $changed: kotlin.Int, $default: kotlin.Int): kotlin.Unit [inline] declared in androidx.compose.foundation.layout.RowKt' type=kotlin.Unit origin=null
                        modifier: GET_VAR 'val tmp2_modifier: androidx.compose.ui.Modifier [val] declared in com.largeprob.drawgo.ui.DrawToolbarKt.ToolbarButtonsContainer' type=androidx.compose.ui.Modifier origin=null
                        horizontalArrangement: GET_VAR 'val arrangement: androidx.compose.foundation.layout.Arrangement.HorizontalOrVertical [val] declared in com.largeprob.drawgo.ui.DrawToolbarKt.ToolbarButtonsContainer' type=androidx.compose.foundation.layout.Arrangement.HorizontalOrVertical origin=null
                        verticalAlignment: GET_VAR 'val tmp3_verticalAlignment: androidx.compose.ui.Alignment.Vertical [val] declared in com.largeprob.drawgo.ui.DrawToolbarKt.ToolbarButtonsContainer' type=androidx.compose.ui.Alignment.Vertical origin=null
                        content: BLOCK type=@[ExtensionFunctionType] kotlin.Function3<androidx.compose.foundation.layout.RowScope, androidx.compose.runtime.Composer, kotlin.Int, kotlin.Unit> origin=LAMBDA
                          COMPOSITE type=kotlin.Unit origin=null
                          FUNCTION_REFERENCE 'private final fun ToolbarButtonsContainer$lambda$27 ($standaloneButtonIds: kotlin.collections.List<kotlin.String>, $firstDrawerButtonIds: kotlin.collections.Set<kotlin.String>, $isFirstDrawerOpen: kotlin.Boolean, $secondDrawerPinnedButtons: kotlin.collections.Set<kotlin.String>, $isSecondDrawerOpen: kotlin.Boolean, $secondDrawerButtonIds: kotlin.collections.Set<kotlin.String>, $allButtonsMap: kotlin.collections.Map<kotlin.String, com.largeprob.drawgo.ui.ToolbarButton>, $tmp0_marker: kotlin.Int, $popupAlignment: androidx.compose.ui.Alignment, $onExpandToggleClick: kotlin.Function0<kotlin.Unit>, $orientation: com.largeprob.drawgo.data.ToolbarOrientation, $composer: androidx.compose.runtime.Composer?, $changed: kotlin.Int): kotlin.Unit declared in com.largeprob.drawgo.ui.DrawToolbarKt' type=@[ExtensionFunctionType] kotlin.Function3<androidx.compose.foundation.layout.RowScope, androidx.compose.runtime.Composer, kotlin.Int, kotlin.Unit> origin=INLINE_LAMBDA reflectionTarget=null
                            $standaloneButtonIds: GET_VAR 'val standaloneButtonIds: kotlin.collections.List<kotlin.String> [val] declared in com.largeprob.drawgo.ui.DrawToolbarKt.ToolbarButtonsContainer' type=kotlin.collections.List<kotlin.String> origin=null
                            $firstDrawerButtonIds: GET_VAR 'val firstDrawerButtonIds: kotlin.collections.Set<kotlin.String> [val] declared in com.largeprob.drawgo.ui.DrawToolbarKt.ToolbarButtonsContainer' type=kotlin.collections.Set<kotlin.String> origin=null
                            $isFirstDrawerOpen: GET_VAR 'val isFirstDrawerOpen: kotlin.Boolean [val] declared in com.largeprob.drawgo.ui.DrawToolbarKt.ToolbarButtonsContainer' type=kotlin.Boolean origin=null
                            $secondDrawerPinnedButtons: GET_VAR 'val secondDrawerPinnedButtons: kotlin.collections.Set<kotlin.String> [val] declared in com.largeprob.drawgo.ui.DrawToolbarKt.ToolbarButtonsContainer' type=kotlin.collections.Set<kotlin.String> origin=null
                            $isSecondDrawerOpen: GET_VAR 'val isSecondDrawerOpen: kotlin.Boolean [val] declared in com.largeprob.drawgo.ui.DrawToolbarKt.ToolbarButtonsContainer' type=kotlin.Boolean origin=null
                            $secondDrawerButtonIds: GET_VAR 'val secondDrawerButtonIds: kotlin.collections.Set<kotlin.String> [val] declared in com.largeprob.drawgo.ui.DrawToolbarKt.ToolbarButtonsContainer' type=kotlin.collections.Set<kotlin.String> origin=null
                            $allButtonsMap: GET_VAR 'allButtonsMap: kotlin.collections.Map<kotlin.String, com.largeprob.drawgo.ui.ToolbarButton> declared in com.largeprob.drawgo.ui.DrawToolbarKt.ToolbarButtonsContainer' type=kotlin.collections.Map<kotlin.String, com.largeprob.drawgo.ui.ToolbarButton> origin=null
                            $tmp0_marker: GET_VAR 'val tmp0_marker: kotlin.Int [val] declared in <no parent>' type=kotlin.Int origin=null
                            $popupAlignment: GET_VAR 'val popupAlignment: androidx.compose.ui.Alignment [val] declared in com.largeprob.drawgo.ui.DrawToolbarKt.ToolbarButtonsContainer' type=androidx.compose.ui.Alignment origin=null
                            $onExpandToggleClick: GET_VAR 'onExpandToggleClick: kotlin.Function0<kotlin.Unit> declared in com.largeprob.drawgo.ui.DrawToolbarKt.ToolbarButtonsContainer' type=kotlin.Function0<kotlin.Unit> origin=null
                            $orientation: GET_VAR 'val orientation: com.largeprob.drawgo.data.ToolbarOrientation [val] declared in com.largeprob.drawgo.ui.DrawToolbarKt.ToolbarButtonsContainer' type=com.largeprob.drawgo.data.ToolbarOrientation origin=null
                        $composer: GET_VAR '$composer: androidx.compose.runtime.Composer? [assignable] declared in com.largeprob.drawgo.ui.DrawToolbarKt.ToolbarButtonsContainer' type=androidx.compose.runtime.Composer? origin=null
                        $changed: CONST Int type=kotlin.Int value=432
                        $default: CONST Int type=kotlin.Int value=0
                  CALL 'public abstract fun endReplaceGroup (): kotlin.Unit declared in androidx.compose.runtime.Composer' type=kotlin.Unit origin=null
                    $this: GET_VAR '$composer: androidx.compose.runtime.Composer? [assignable] declared in com.largeprob.drawgo.ui.DrawToolbarKt.ToolbarButtonsContainer' type=androidx.compose.runtime.Composer? origin=null
              BRANCH
                if: CALL 'public final fun EQEQ (arg0: kotlin.Any?, arg1: kotlin.Any?): kotlin.Boolean declared in kotlin.internal.ir' type=kotlin.Boolean origin=null
                  arg0: GET_VAR 'val tmp0: kotlin.Int [val] declared in com.largeprob.drawgo.ui.DrawToolbarKt.ToolbarButtonsContainer' type=kotlin.Int origin=null
                  arg1: CONST Int type=kotlin.Int value=2
                then: BLOCK type=kotlin.Unit origin=null
                  BLOCK type=kotlin.Unit origin=null
                    CALL 'public abstract fun startReplaceGroup (key: kotlin.Int): kotlin.Unit declared in androidx.compose.runtime.Composer' type=kotlin.Unit origin=null
                      $this: GET_VAR '$composer: androidx.compose.runtime.Composer? [assignable] declared in com.largeprob.drawgo.ui.DrawToolbarKt.ToolbarButtonsContainer' type=androidx.compose.runtime.Composer? origin=null
                      key: CONST Int type=kotlin.Int value=234994382
                    CALL 'public final fun sourceInformation (composer: androidx.compose.runtime.Composer, sourceInformation: kotlin.String): kotlin.Unit declared in androidx.compose.runtime.ComposerKt' type=kotlin.Unit origin=null
                      composer: GET_VAR '$composer: androidx.compose.runtime.Composer? [assignable] declared in com.largeprob.drawgo.ui.DrawToolbarKt.ToolbarButtonsContainer' type=androidx.compose.runtime.Composer? origin=null
                      sourceInformation: CONST String type=kotlin.String value="365@13866L3140"
                  BLOCK type=kotlin.Unit origin=null
                    BLOCK type=kotlin.Unit origin=ARGUMENTS_REORDERING_FOR_CALL
                      VAR IR_TEMPORARY_VARIABLE name:tmp4_modifier type:androidx.compose.ui.Modifier [val]
                        CALL 'public open fun then (other: androidx.compose.ui.Modifier): androidx.compose.ui.Modifier [infix] declared in androidx.compose.ui.Modifier' type=androidx.compose.ui.Modifier origin=null
                          $this: GET_VAR 'modifier: androidx.compose.ui.Modifier? [assignable] declared in com.largeprob.drawgo.ui.DrawToolbarKt.ToolbarButtonsContainer' type=androidx.compose.ui.Modifier origin=null
                          other: GET_VAR 'val animatedContentSize: androidx.compose.ui.Modifier [val] declared in com.largeprob.drawgo.ui.DrawToolbarKt.ToolbarButtonsContainer' type=androidx.compose.ui.Modifier origin=null
                      VAR IR_TEMPORARY_VARIABLE name:tmp5_horizontalAlignment type:androidx.compose.ui.Alignment.Horizontal [val]
                        CALL 'public final fun <get-CenterHorizontally> (): androidx.compose.ui.Alignment.Horizontal declared in androidx.compose.ui.Alignment.Companion' type=androidx.compose.ui.Alignment.Horizontal origin=GET_PROPERTY
                          $this: GET_FIELD 'FIELD FIELD_FOR_OBJECT_INSTANCE name:Companion type:androidx.compose.ui.Alignment.Companion visibility:public [final,static] declared in androidx.compose.ui.Alignment' type=androidx.compose.ui.Alignment.Companion origin=null
                      CALL 'public final fun Column (modifier: androidx.compose.ui.Modifier?, verticalArrangement: androidx.compose.foundation.layout.Arrangement.Vertical?, horizontalAlignment: androidx.compose.ui.Alignment.Horizontal?, content: @[ExtensionFunctionType] kotlin.Function3<androidx.compose.foundation.layout.ColumnScope, androidx.compose.runtime.Composer, kotlin.Int, kotlin.Unit>, $composer: androidx.compose.runtime.Composer?, $changed: kotlin.Int, $default: kotlin.Int): kotlin.Unit [inline] declared in androidx.compose.foundation.layout.ColumnKt' type=kotlin.Unit origin=null
                        modifier: GET_VAR 'val tmp4_modifier: androidx.compose.ui.Modifier [val] declared in com.largeprob.drawgo.ui.DrawToolbarKt.ToolbarButtonsContainer' type=androidx.compose.ui.Modifier origin=null
                        verticalArrangement: GET_VAR 'val arrangement: androidx.compose.foundation.layout.Arrangement.HorizontalOrVertical [val] declared in com.largeprob.drawgo.ui.DrawToolbarKt.ToolbarButtonsContainer' type=androidx.compose.foundation.layout.Arrangement.HorizontalOrVertical origin=null
                        horizontalAlignment: GET_VAR 'val tmp5_horizontalAlignment: androidx.compose.ui.Alignment.Horizontal [val] declared in com.largeprob.drawgo.ui.DrawToolbarKt.ToolbarButtonsContainer' type=androidx.compose.ui.Alignment.Horizontal origin=null
                        content: BLOCK type=@[ExtensionFunctionType] kotlin.Function3<androidx.compose.foundation.layout.ColumnScope, androidx.compose.runtime.Composer, kotlin.Int, kotlin.Unit> origin=LAMBDA
                          COMPOSITE type=kotlin.Unit origin=null
                          FUNCTION_REFERENCE 'private final fun ToolbarButtonsContainer$lambda$31 ($standaloneButtonIds: kotlin.collections.List<kotlin.String>, $firstDrawerButtonIds: kotlin.collections.Set<kotlin.String>, $isFirstDrawerOpen: kotlin.Boolean, $secondDrawerPinnedButtons: kotlin.collections.Set<kotlin.String>, $isSecondDrawerOpen: kotlin.Boolean, $secondDrawerButtonIds: kotlin.collections.Set<kotlin.String>, $allButtonsMap: kotlin.collections.Map<kotlin.String, com.largeprob.drawgo.ui.ToolbarButton>, $popupAlignment: androidx.compose.ui.Alignment, $onExpandToggleClick: kotlin.Function0<kotlin.Unit>, $orientation: com.largeprob.drawgo.data.ToolbarOrientation, $composer: androidx.compose.runtime.Composer?, $changed: kotlin.Int): kotlin.Unit declared in com.largeprob.drawgo.ui.DrawToolbarKt' type=@[ExtensionFunctionType] kotlin.Function3<androidx.compose.foundation.layout.ColumnScope, androidx.compose.runtime.Composer, kotlin.Int, kotlin.Unit> origin=INLINE_LAMBDA reflectionTarget=null
                            $standaloneButtonIds: GET_VAR 'val standaloneButtonIds: kotlin.collections.List<kotlin.String> [val] declared in com.largeprob.drawgo.ui.DrawToolbarKt.ToolbarButtonsContainer' type=kotlin.collections.List<kotlin.String> origin=null
                            $firstDrawerButtonIds: GET_VAR 'val firstDrawerButtonIds: kotlin.collections.Set<kotlin.String> [val] declared in com.largeprob.drawgo.ui.DrawToolbarKt.ToolbarButtonsContainer' type=kotlin.collections.Set<kotlin.String> origin=null
                            $isFirstDrawerOpen: GET_VAR 'val isFirstDrawerOpen: kotlin.Boolean [val] declared in com.largeprob.drawgo.ui.DrawToolbarKt.ToolbarButtonsContainer' type=kotlin.Boolean origin=null
                            $secondDrawerPinnedButtons: GET_VAR 'val secondDrawerPinnedButtons: kotlin.collections.Set<kotlin.String> [val] declared in com.largeprob.drawgo.ui.DrawToolbarKt.ToolbarButtonsContainer' type=kotlin.collections.Set<kotlin.String> origin=null
                            $isSecondDrawerOpen: GET_VAR 'val isSecondDrawerOpen: kotlin.Boolean [val] declared in com.largeprob.drawgo.ui.DrawToolbarKt.ToolbarButtonsContainer' type=kotlin.Boolean origin=null
                            $secondDrawerButtonIds: GET_VAR 'val secondDrawerButtonIds: kotlin.collections.Set<kotlin.String> [val] declared in com.largeprob.drawgo.ui.DrawToolbarKt.ToolbarButtonsContainer' type=kotlin.collections.Set<kotlin.String> origin=null
                            $allButtonsMap: GET_VAR 'allButtonsMap: kotlin.collections.Map<kotlin.String, com.largeprob.drawgo.ui.ToolbarButton> declared in com.largeprob.drawgo.ui.DrawToolbarKt.ToolbarButtonsContainer' type=kotlin.collections.Map<kotlin.String, com.largeprob.drawgo.ui.ToolbarButton> origin=null
                            $popupAlignment: GET_VAR 'val popupAlignment: androidx.compose.ui.Alignment [val] declared in com.largeprob.drawgo.ui.DrawToolbarKt.ToolbarButtonsContainer' type=androidx.compose.ui.Alignment origin=null
                            $onExpandToggleClick: GET_VAR 'onExpandToggleClick: kotlin.Function0<kotlin.Unit> declared in com.largeprob.drawgo.ui.DrawToolbarKt.ToolbarButtonsContainer' type=kotlin.Function0<kotlin.Unit> origin=null
                            $orientation: GET_VAR 'val orientation: com.largeprob.drawgo.data.ToolbarOrientation [val] declared in com.largeprob.drawgo.ui.DrawToolbarKt.ToolbarButtonsContainer' type=com.largeprob.drawgo.data.ToolbarOrientation origin=null
                        $composer: GET_VAR '$composer: androidx.compose.runtime.Composer? [assignable] declared in com.largeprob.drawgo.ui.DrawToolbarKt.ToolbarButtonsContainer' type=androidx.compose.runtime.Composer? origin=null
                        $changed: CONST Int type=kotlin.Int value=432
                        $default: CONST Int type=kotlin.Int value=0
                  CALL 'public abstract fun endReplaceGroup (): kotlin.Unit declared in androidx.compose.runtime.Composer' type=kotlin.Unit origin=null
                    $this: GET_VAR '$composer: androidx.compose.runtime.Composer? [assignable] declared in com.largeprob.drawgo.ui.DrawToolbarKt.ToolbarButtonsContainer' type=androidx.compose.runtime.Composer? origin=null
              BRANCH
                if: CONST Boolean type=kotlin.Boolean value=true
                then: BLOCK type=kotlin.Nothing origin=null
                  CALL 'public abstract fun startReplaceGroup (key: kotlin.Int): kotlin.Unit declared in androidx.compose.runtime.Composer' type=kotlin.Unit origin=null
                    $this: GET_VAR '$composer: androidx.compose.runtime.Composer? [assignable] declared in com.largeprob.drawgo.ui.DrawToolbarKt.ToolbarButtonsContainer' type=androidx.compose.runtime.Composer? origin=null
                    key: CONST Int type=kotlin.Int value=146226475
                  CALL 'public abstract fun endReplaceGroup (): kotlin.Unit declared in androidx.compose.runtime.Composer' type=kotlin.Unit origin=null
                    $this: GET_VAR '$composer: androidx.compose.runtime.Composer? [assignable] declared in com.largeprob.drawgo.ui.DrawToolbarKt.ToolbarButtonsContainer' type=androidx.compose.runtime.Composer? origin=null
                  THROW type=kotlin.Nothing
                    CONSTRUCTOR_CALL 'public constructor <init> (p0: @[FlexibleNullability] kotlin.String?) declared in java.lang.Exception' type=java.lang.Exception origin=null
                      p0: CONST String type=kotlin.String value=""
          WHEN type=kotlin.Unit origin=IF
            BRANCH
              if: CALL 'public final fun isTraceInProgress (): kotlin.Boolean declared in androidx.compose.runtime.ComposerKt' type=kotlin.Boolean origin=null
              then: CALL 'public final fun traceEventEnd (): kotlin.Unit declared in androidx.compose.runtime.ComposerKt' type=kotlin.Unit origin=null
      BRANCH
        if: CONST Boolean type=kotlin.Boolean value=true
        then: CALL 'public abstract fun skipToGroupEnd (): kotlin.Unit declared in androidx.compose.runtime.Composer' type=kotlin.Unit origin=null
          $this: GET_VAR '$composer: androidx.compose.runtime.Composer? [assignable] declared in com.largeprob.drawgo.ui.DrawToolbarKt.ToolbarButtonsContainer' type=androidx.compose.runtime.Composer? origin=null
    BLOCK type=kotlin.Unit origin=null
      BLOCK type=kotlin.Unit origin=FOLDED_SAFE_CALL
        WHEN type=kotlin.Unit origin=FOLDED_SAFE_CALL
          BRANCH
            if: COMPOSITE type=kotlin.Boolean origin=null
              VAR IR_TEMPORARY_VARIABLE name:tmp0_safe_receiver type:androidx.compose.runtime.ScopeUpdateScope? [val]
                CALL 'public abstract fun endRestartGroup (): androidx.compose.runtime.ScopeUpdateScope? declared in androidx.compose.runtime.Composer' type=androidx.compose.runtime.ScopeUpdateScope? origin=null
                  $this: GET_VAR '$composer: androidx.compose.runtime.Composer? [assignable] declared in com.largeprob.drawgo.ui.DrawToolbarKt.ToolbarButtonsContainer' type=androidx.compose.runtime.Composer? origin=null
              CALL 'public final fun not (): kotlin.Boolean [operator] declared in kotlin.Boolean' type=kotlin.Boolean origin=null
                $this: CALL 'public final fun EQEQ (arg0: kotlin.Any?, arg1: kotlin.Any?): kotlin.Boolean declared in kotlin.internal.ir' type=kotlin.Boolean origin=null
                  arg0: GET_VAR 'val tmp0_safe_receiver: androidx.compose.runtime.ScopeUpdateScope? [val] declared in com.largeprob.drawgo.ui.DrawToolbarKt.ToolbarButtonsContainer' type=androidx.compose.runtime.ScopeUpdateScope? origin=null
                  arg1: CONST Null type=kotlin.Nothing? value=null
            then: CALL 'public abstract fun updateScope (block: kotlin.Function2<androidx.compose.runtime.Composer, kotlin.Int, kotlin.Unit>): kotlin.Unit declared in androidx.compose.runtime.ScopeUpdateScope' type=kotlin.Unit origin=null
              $this: GET_VAR 'val tmp0_safe_receiver: androidx.compose.runtime.ScopeUpdateScope? [val] declared in com.largeprob.drawgo.ui.DrawToolbarKt.ToolbarButtonsContainer' type=androidx.compose.runtime.ScopeUpdateScope? origin=null
              block: BLOCK type=kotlin.Function2<androidx.compose.runtime.Composer?, kotlin.Int, kotlin.Unit> origin=LAMBDA
                COMPOSITE type=kotlin.Unit origin=null
                CALL 'public final fun <jvm-indy> <T> (dynamicCall: T of kotlin.jvm.internal.<jvm-indy>, bootstrapMethodHandle: kotlin.Any, vararg bootstrapMethodArguments: kotlin.Any): T of kotlin.jvm.internal.<jvm-indy> declared in kotlin.jvm.internal' type=kotlin.Function2<androidx.compose.runtime.Composer?, kotlin.Int, kotlin.Unit> origin=null
                  <T>: kotlin.Function2<androidx.compose.runtime.Composer?, kotlin.Int, kotlin.Unit>
                  dynamicCall: CALL 'public final fun invoke (p0: androidx.compose.ui.Modifier?, p1: com.largeprob.drawgo.data.DrawingConfigState, p2: kotlin.collections.Map<kotlin.String, com.largeprob.drawgo.ui.ToolbarButton>, p3: kotlin.Function0<kotlin.Unit>, p4: kotlin.Int, p5: kotlin.Int): kotlin.Function2<androidx.compose.runtime.Composer?, kotlin.Int, kotlin.Unit> declared in kotlin.jvm.internal.invokeDynamic' type=kotlin.Function2<androidx.compose.runtime.Composer?, kotlin.Int, kotlin.Unit> origin=null
                    p0: GET_VAR 'modifier: androidx.compose.ui.Modifier? [assignable] declared in com.largeprob.drawgo.ui.DrawToolbarKt.ToolbarButtonsContainer' type=androidx.compose.ui.Modifier? origin=null
                    p1: GET_VAR 'uiState: com.largeprob.drawgo.data.DrawingConfigState declared in com.largeprob.drawgo.ui.DrawToolbarKt.ToolbarButtonsContainer' type=com.largeprob.drawgo.data.DrawingConfigState origin=null
                    p2: GET_VAR 'allButtonsMap: kotlin.collections.Map<kotlin.String, com.largeprob.drawgo.ui.ToolbarButton> declared in com.largeprob.drawgo.ui.DrawToolbarKt.ToolbarButtonsContainer' type=kotlin.collections.Map<kotlin.String, com.largeprob.drawgo.ui.ToolbarButton> origin=null
                    p3: GET_VAR 'onExpandToggleClick: kotlin.Function0<kotlin.Unit> declared in com.largeprob.drawgo.ui.DrawToolbarKt.ToolbarButtonsContainer' type=kotlin.Function0<kotlin.Unit> origin=null
                    p4: GET_VAR '$changed: kotlin.Int declared in com.largeprob.drawgo.ui.DrawToolbarKt.ToolbarButtonsContainer' type=kotlin.Int origin=null
                    p5: GET_VAR '$default: kotlin.Int declared in com.largeprob.drawgo.ui.DrawToolbarKt.ToolbarButtonsContainer' type=kotlin.Int origin=null
                  bootstrapMethodHandle: CALL 'public final fun <jvm-method-handle> (tag: kotlin.Int, owner: kotlin.String, name: kotlin.String, descriptor: kotlin.String, isInterface: kotlin.Boolean): kotlin.Any declared in kotlin.jvm.internal' type=kotlin.Any origin=null
                    tag: CONST Int type=kotlin.Int value=6
                    owner: CONST String type=kotlin.String value="java/lang/invoke/LambdaMetafactory"
                    name: CONST String type=kotlin.String value="metafactory"
                    descriptor: CONST String type=kotlin.String value="(Ljava/lang/invoke/MethodHandles$Lookup;Ljava/lang/String;Ljava/lang/invoke/MethodType;Ljava/lang/invoke/MethodType;Ljava/lang/invoke/MethodHandle;Ljava/lang/invoke/MethodType;)Ljava/lang/invoke/CallSite;"
                    isInterface: CONST Boolean type=kotlin.Boolean value=false
                  bootstrapMethodArguments: VARARG type=kotlin.Array<kotlin.Any> varargElementType=kotlin.Any
                    CALL 'public final fun <jvm-original-method-type> (method: kotlin.Any): kotlin.Any declared in kotlin.jvm.internal' type=kotlin.Any origin=null
                      method: RAW_FUNCTION_REFERENCE 'public abstract fun invoke (p1: P1 of kotlin.Function2, p2: P2 of kotlin.Function2): R of kotlin.Function2 [operator] declared in kotlin.Function2' type=kotlin.Any
                    RAW_FUNCTION_REFERENCE 'private final fun ToolbarButtonsContainer$lambda$32 ($modifier: androidx.compose.ui.Modifier?, $uiState: com.largeprob.drawgo.data.DrawingConfigState, $allButtonsMap: kotlin.collections.Map<kotlin.String, com.largeprob.drawgo.ui.ToolbarButton>, $onExpandToggleClick: kotlin.Function0<kotlin.Unit>, $$changed: kotlin.Int, $$default: kotlin.Int, $composer: androidx.compose.runtime.Composer?, $force: kotlin.Int): kotlin.Unit? declared in com.largeprob.drawgo.ui.DrawToolbarKt' type=kotlin.Any
                    CALL 'public final fun <jvm-original-method-type> (method: kotlin.Any): kotlin.Any declared in kotlin.jvm.internal' type=kotlin.Any origin=null
                      method: RAW_FUNCTION_REFERENCE 'public abstract fun invoke (p1: androidx.compose.runtime.Composer?, p2: kotlin.Int?): kotlin.Unit? [fake_override,operator] declared in kotlin.jvm.internal.invokeDynamic.<fake>' type=kotlin.Any
          BRANCH
            if: CONST Boolean type=kotlin.Boolean value=true
            then: CONST Null type=kotlin.Any? value=null

	at org.jetbrains.kotlin.backend.jvm.codegen.FunctionCodegen.generate(FunctionCodegen.kt:47)
	at org.jetbrains.kotlin.backend.jvm.codegen.FunctionCodegen.generate$default(FunctionCodegen.kt:40)
	at org.jetbrains.kotlin.backend.jvm.codegen.ClassCodegen.generateMethodNode(ClassCodegen.kt:406)
	at org.jetbrains.kotlin.backend.jvm.codegen.ClassCodegen.generateMethod(ClassCodegen.kt:423)
	at org.jetbrains.kotlin.backend.jvm.codegen.ClassCodegen.generate(ClassCodegen.kt:168)
	at org.jetbrains.kotlin.backend.jvm.FileCodegen.lower(JvmPhases.kt:39)
	at org.jetbrains.kotlin.backend.common.phaser.PhaseFactoriesKt.createFilePhase$lambda$4(PhaseFactories.kt:71)
	at org.jetbrains.kotlin.backend.common.phaser.PhaseBuildersKt$createSimpleNamedCompilerPhase$1.phaseBody(PhaseBuilders.kt:69)
	at org.jetbrains.kotlin.backend.common.phaser.SimpleNamedCompilerPhase.phaseBody(CompilerPhase.kt:226)
	at org.jetbrains.kotlin.backend.common.phaser.AbstractNamedCompilerPhase.invoke(CompilerPhase.kt:113)
	at org.jetbrains.kotlin.backend.common.phaser.PerformByIrFilePhase.invokeSequential(performByIrFile.kt:62)
	... 44 more
Caused by: java.lang.AssertionError: Non-mapped local declaration: VAR IR_TEMPORARY_VARIABLE name:tmp0_marker type:kotlin.Int [val]
  CALL 'public abstract fun <get-currentMarker> (): kotlin.Int declared in androidx.compose.runtime.Composer' type=kotlin.Int origin=null
    $this: GET_VAR '$composer: androidx.compose.runtime.Composer? [assignable] declared in com.largeprob.drawgo.ui.DrawToolbarKt.ToolbarButtonsContainer.<anonymous>' type=androidx.compose.runtime.Composer? origin=null

 in FUN name:ToolbarButtonsContainer visibility:private modality:FINAL <> (modifier:androidx.compose.ui.Modifier?, uiState:com.largeprob.drawgo.data.DrawingConfigState, allButtonsMap:kotlin.collections.Map<kotlin.String, com.largeprob.drawgo.ui.ToolbarButton>, onExpandToggleClick:kotlin.Function0<kotlin.Unit>, $composer:androidx.compose.runtime.Composer?, $changed:kotlin.Int, $default:kotlin.Int) returnType:kotlin.Unit
  annotations:
    Composable
    ComposableTarget(applier = "androidx.compose.ui.UiComposable")
  VALUE_PARAMETER name:modifier index:0 type:androidx.compose.ui.Modifier? [assignable]
  VALUE_PARAMETER name:uiState index:1 type:com.largeprob.drawgo.data.DrawingConfigState
  VALUE_PARAMETER name:allButtonsMap index:2 type:kotlin.collections.Map<kotlin.String, com.largeprob.drawgo.ui.ToolbarButton>
  VALUE_PARAMETER name:onExpandToggleClick index:3 type:kotlin.Function0<kotlin.Unit>
  VALUE_PARAMETER name:$composer index:4 type:androidx.compose.runtime.Composer? [assignable]
  VALUE_PARAMETER name:$changed index:5 type:kotlin.Int
  VALUE_PARAMETER MASK_FOR_DEFAULT_FUNCTION name:$default index:6 type:kotlin.Int
  BLOCK_BODY
    BLOCK type=kotlin.Unit origin=null
      SET_VAR '$composer: androidx.compose.runtime.Composer? [assignable] declared in com.largeprob.drawgo.ui.DrawToolbarKt.ToolbarButtonsContainer' type=kotlin.Unit origin=null
        CALL 'public abstract fun startRestartGroup (key: kotlin.Int): androidx.compose.runtime.Composer declared in androidx.compose.runtime.Composer' type=androidx.compose.runtime.Composer origin=null
          $this: GET_VAR '$composer: androidx.compose.runtime.Composer? [assignable] declared in com.largeprob.drawgo.ui.DrawToolbarKt.ToolbarButtonsContainer' type=androidx.compose.runtime.Composer? origin=null
          key: CONST Int type=kotlin.Int value=-1582094781
      CALL 'public final fun sourceInformation (composer: androidx.compose.runtime.Composer, sourceInformation: kotlin.String): kotlin.Unit declared in androidx.compose.runtime.ComposerKt' type=kotlin.Unit origin=null
        composer: GET_VAR '$composer: androidx.compose.runtime.Composer? [assignable] declared in com.largeprob.drawgo.ui.DrawToolbarKt.ToolbarButtonsContainer' type=androidx.compose.runtime.Composer? origin=null
        sourceInformation: CONST String type=kotlin.String value="C(ToolbarButtonsContainer)P(1,3):DrawToolbar.kt#n3ixf9"
    VAR name:$dirty type:kotlin.Int [val]
      GET_VAR '$changed: kotlin.Int declared in com.largeprob.drawgo.ui.DrawToolbarKt.ToolbarButtonsContainer' type=kotlin.Int origin=null
    WHEN type=kotlin.Unit origin=IF
      BRANCH
        if: CALL 'public final fun not (): kotlin.Boolean [operator] declared in kotlin.Boolean' type=kotlin.Boolean origin=null
          $this: CALL 'public final fun EQEQ (arg0: kotlin.Any?, arg1: kotlin.Any?): kotlin.Boolean declared in kotlin.internal.ir' type=kotlin.Boolean origin=null
            arg0: CALL 'public final fun and (other: kotlin.Int): kotlin.Int [infix] declared in kotlin.Int' type=kotlin.Int origin=null
              $this: GET_VAR '$default: kotlin.Int declared in com.largeprob.drawgo.ui.DrawToolbarKt.ToolbarButtonsContainer' type=kotlin.Int origin=null
              other: CONST Int type=kotlin.Int value=1
            arg1: CONST Int type=kotlin.Int value=0
        then: SET_VAR 'val $dirty: kotlin.Int [val] declared in com.largeprob.drawgo.ui.DrawToolbarKt.ToolbarButtonsContainer' type=kotlin.Unit origin=null
          CALL 'public final fun or (other: kotlin.Int): kotlin.Int [infix] declared in kotlin.Int' type=kotlin.Int origin=null
            $this: GET_VAR 'val $dirty: kotlin.Int [val] declared in com.largeprob.drawgo.ui.DrawToolbarKt.ToolbarButtonsContainer' type=kotlin.Int origin=null
            other: CONST Int type=kotlin.Int value=6
      BRANCH
        if: CALL 'public final fun EQEQ (arg0: kotlin.Any?, arg1: kotlin.Any?): kotlin.Boolean declared in kotlin.internal.ir' type=kotlin.Boolean origin=null
          arg0: CALL 'public final fun and (other: kotlin.Int): kotlin.Int [infix] declared in kotlin.Int' type=kotlin.Int origin=null
            $this: GET_VAR '$changed: kotlin.Int declared in com.largeprob.drawgo.ui.DrawToolbarKt.ToolbarButtonsContainer' type=kotlin.Int origin=null
            other: CONST Int type=kotlin.Int value=6
          arg1: CONST Int type=kotlin.Int value=0
        then: SET_VAR 'val $dirty: kotlin.Int [val] declared in com.largeprob.drawgo.ui.DrawToolbarKt.ToolbarButtonsContainer' type=kotlin.Unit origin=null
          CALL 'public final fun or (other: kotlin.Int): kotlin.Int [infix] declared in kotlin.Int' type=kotlin.Int origin=null
            $this: GET_VAR 'val $dirty: kotlin.Int [val] declared in com.largeprob.drawgo.ui.DrawToolbarKt.ToolbarButtonsContainer' type=kotlin.Int origin=null
            other: WHEN type=kotlin.Int origin=IF
              BRANCH
                if: CALL 'public abstract fun changed (value: kotlin.Any?): kotlin.Boolean declared in androidx.compose.runtime.Composer' type=kotlin.Boolean origin=null
                  $this: GET_VAR '$composer: androidx.compose.runtime.Composer? [assignable] declared in com.largeprob.drawgo.ui.DrawToolbarKt.ToolbarButtonsContainer' type=androidx.compose.runtime.Composer? origin=null
                  value: GET_VAR 'modifier: androidx.compose.ui.Modifier? [assignable] declared in com.largeprob.drawgo.ui.DrawToolbarKt.ToolbarButtonsContainer' type=androidx.compose.ui.Modifier? origin=null
                then: CONST Int type=kotlin.Int value=4
              BRANCH
                if: CONST Boolean type=kotlin.Boolean value=true
                then: CONST Int type=kotlin.Int value=2
    WHEN type=kotlin.Unit origin=IF
      BRANCH
        if: CALL 'public final fun not (): kotlin.Boolean [operator] declared in kotlin.Boolean' type=kotlin.Boolean origin=null
          $this: CALL 'public final fun EQEQ (arg0: kotlin.Any?, arg1: kotlin.Any?): kotlin.Boolean declared in kotlin.internal.ir' type=kotlin.Boolean origin=null
            arg0: CALL 'public final fun and (other: kotlin.Int): kotlin.Int [infix] declared in kotlin.Int' type=kotlin.Int origin=null
              $this: GET_VAR '$default: kotlin.Int declared in com.largeprob.drawgo.ui.DrawToolbarKt.ToolbarButtonsContainer' type=kotlin.Int origin=null
              other: CONST Int type=kotlin.Int value=2
            arg1: CONST Int type=kotlin.Int value=0
        then: SET_VAR 'val $dirty: kotlin.Int [val] declared in com.largeprob.drawgo.ui.DrawToolbarKt.ToolbarButtonsContainer' type=kotlin.Unit origin=null
          CALL 'public final fun or (other: kotlin.Int): kotlin.Int [infix] declared in kotlin.Int' type=kotlin.Int origin=null
            $this: GET_VAR 'val $dirty: kotlin.Int [val] declared in com.largeprob.drawgo.ui.DrawToolbarKt.ToolbarButtonsContainer' type=kotlin.Int origin=null
            other: CONST Int type=kotlin.Int value=48
      BRANCH
        if: CALL 'public final fun EQEQ (arg0: kotlin.Any?, arg1: kotlin.Any?): kotlin.Boolean declared in kotlin.internal.ir' type=kotlin.Boolean origin=null
          arg0: CALL 'public final fun and (other: kotlin.Int): kotlin.Int [infix] declared in kotlin.Int' type=kotlin.Int origin=null
            $this: GET_VAR '$changed: kotlin.Int declared in com.largeprob.drawgo.ui.DrawToolbarKt.ToolbarButtonsContainer' type=kotlin.Int origin=null
            other: CONST Int type=kotlin.Int value=48
          arg1: CONST Int type=kotlin.Int value=0
        then: SET_VAR 'val $dirty: kotlin.Int [val] declared in com.largeprob.drawgo.ui.DrawToolbarKt.ToolbarButtonsContainer' type=kotlin.Unit origin=null
          CALL 'public final fun or (other: kotlin.Int): kotlin.Int [infix] declared in kotlin.Int' type=kotlin.Int origin=null
            $this: GET_VAR 'val $dirty: kotlin.Int [val] declared in com.largeprob.drawgo.ui.DrawToolbarKt.ToolbarButtonsContainer' type=kotlin.Int origin=null
            other: WHEN type=kotlin.Int origin=IF
              BRANCH
                if: WHEN type=kotlin.Boolean origin=IF
                  BRANCH
                    if: CALL 'public final fun EQEQ (arg0: kotlin.Any?, arg1: kotlin.Any?): kotlin.Boolean declared in kotlin.internal.ir' type=kotlin.Boolean origin=null
                      arg0: CALL 'public final fun and (other: kotlin.Int): kotlin.Int [infix] declared in kotlin.Int' type=kotlin.Int origin=null
                        $this: GET_VAR '$changed: kotlin.Int declared in com.largeprob.drawgo.ui.DrawToolbarKt.ToolbarButtonsContainer' type=kotlin.Int origin=null
                        other: CONST Int type=kotlin.Int value=64
                      arg1: CONST Int type=kotlin.Int value=0
                    then: CALL 'public abstract fun changed (value: kotlin.Any?): kotlin.Boolean declared in androidx.compose.runtime.Composer' type=kotlin.Boolean origin=null
                      $this: GET_VAR '$composer: androidx.compose.runtime.Composer? [assignable] declared in com.largeprob.drawgo.ui.DrawToolbarKt.ToolbarButtonsContainer' type=androidx.compose.runtime.Composer? origin=null
                      value: GET_VAR 'uiState: com.largeprob.drawgo.data.DrawingConfigState declared in com.largeprob.drawgo.ui.DrawToolbarKt.ToolbarButtonsContainer' type=com.largeprob.drawgo.data.DrawingConfigState origin=null
                  BRANCH
                    if: CONST Boolean type=kotlin.Boolean value=true
                    then: CALL 'public open fun changedInstance (value: kotlin.Any?): kotlin.Boolean declared in androidx.compose.runtime.Composer' type=kotlin.Boolean origin=null
                      $this: GET_VAR '$composer: androidx.compose.runtime.Composer? [assignable] declared in com.largeprob.drawgo.ui.DrawToolbarKt.ToolbarButtonsContainer' type=androidx.compose.runtime.Composer? origin=null
                      value: GET_VAR 'uiState: com.largeprob.drawgo.data.DrawingConfigState declared in com.largeprob.drawgo.ui.DrawToolbarKt.ToolbarButtonsContainer' type=com.largeprob.drawgo.data.DrawingConfigState origin=null
                then: CONST Int type=kotlin.Int value=32
              BRANCH
                if: CONST Boolean type=kotlin.Boolean value=true
                then: CONST Int type=kotlin.Int value=16
    WHEN type=kotlin.Unit origin=IF
      BRANCH
        if: CALL 'public final fun not (): kotlin.Boolean [operator] declared in kotlin.Boolean' type=kotlin.Boolean origin=null
          $this: CALL 'public final fun EQEQ (arg0: kotlin.Any?, arg1: kotlin.Any?): kotlin.Boolean declared in kotlin.internal.ir' type=kotlin.Boolean origin=null
            arg0: CALL 'public final fun and (other: kotlin.Int): kotlin.Int [infix] declared in kotlin.Int' type=kotlin.Int origin=null
              $this: GET_VAR '$default: kotlin.Int declared in com.largeprob.drawgo.ui.DrawToolbarKt.ToolbarButtonsContainer' type=kotlin.Int origin=null
              other: CONST Int type=kotlin.Int value=4
            arg1: CONST Int type=kotlin.Int value=0
        then: SET_VAR 'val $dirty: kotlin.Int [val] declared in com.largeprob.drawgo.ui.DrawToolbarKt.ToolbarButtonsContainer' type=kotlin.Unit origin=null
          CALL 'public final fun or (other: kotlin.Int): kotlin.Int [infix] declared in kotlin.Int' type=kotlin.Int origin=null
            $this: GET_VAR 'val $dirty: kotlin.Int [val] declared in com.largeprob.drawgo.ui.DrawToolbarKt.ToolbarButtonsContainer' type=kotlin.Int origin=null
            other: CONST Int type=kotlin.Int value=384
      BRANCH
        if: CALL 'public final fun EQEQ (arg0: kotlin.Any?, arg1: kotlin.Any?): kotlin.Boolean declared in kotlin.internal.ir' type=kotlin.Boolean origin=null
          arg0: CALL 'public final fun and (other: kotlin.Int): kotlin.Int [infix] declared in kotlin.Int' type=kotlin.Int origin=null
            $this: GET_VAR '$changed: kotlin.Int declared in com.largeprob.drawgo.ui.DrawToolbarKt.ToolbarButtonsContainer' type=kotlin.Int origin=null
            other: CONST Int type=kotlin.Int value=384
          arg1: CONST Int type=kotlin.Int value=0
        then: SET_VAR 'val $dirty: kotlin.Int [val] declared in com.largeprob.drawgo.ui.DrawToolbarKt.ToolbarButtonsContainer' type=kotlin.Unit origin=null
          CALL 'public final fun or (other: kotlin.Int): kotlin.Int [infix] declared in kotlin.Int' type=kotlin.Int origin=null
            $this: GET_VAR 'val $dirty: kotlin.Int [val] declared in com.largeprob.drawgo.ui.DrawToolbarKt.ToolbarButtonsContainer' type=kotlin.Int origin=null
            other: WHEN type=kotlin.Int origin=IF
              BRANCH
                if: CALL 'public open fun changedInstance (value: kotlin.Any?): kotlin.Boolean declared in androidx.compose.runtime.Composer' type=kotlin.Boolean origin=null
                  $this: GET_VAR '$composer: androidx.compose.runtime.Composer? [assignable] declared in com.largeprob.drawgo.ui.DrawToolbarKt.ToolbarButtonsContainer' type=androidx.compose.runtime.Composer? origin=null
                  value: GET_VAR 'allButtonsMap: kotlin.collections.Map<kotlin.String, com.largeprob.drawgo.ui.ToolbarButton> declared in com.largeprob.drawgo.ui.DrawToolbarKt.ToolbarButtonsContainer' type=kotlin.collections.Map<kotlin.String, com.largeprob.drawgo.ui.ToolbarButton> origin=null
                then: CONST Int type=kotlin.Int value=256
              BRANCH
                if: CONST Boolean type=kotlin.Boolean value=true
                then: CONST Int type=kotlin.Int value=128
    WHEN type=kotlin.Unit origin=IF
      BRANCH
        if: CALL 'public final fun not (): kotlin.Boolean [operator] declared in kotlin.Boolean' type=kotlin.Boolean origin=null
          $this: CALL 'public final fun EQEQ (arg0: kotlin.Any?, arg1: kotlin.Any?): kotlin.Boolean declared in kotlin.internal.ir' type=kotlin.Boolean origin=null
            arg0: CALL 'public final fun and (other: kotlin.Int): kotlin.Int [infix] declared in kotlin.Int' type=kotlin.Int origin=null
              $this: GET_VAR '$default: kotlin.Int declared in com.largeprob.drawgo.ui.DrawToolbarKt.ToolbarButtonsContainer' type=kotlin.Int origin=null
              other: CONST Int type=kotlin.Int value=8
            arg1: CONST Int type=kotlin.Int value=0
        then: SET_VAR 'val $dirty: kotlin.Int [val] declared in com.largeprob.drawgo.ui.DrawToolbarKt.ToolbarButtonsContainer' type=kotlin.Unit origin=null
          CALL 'public final fun or (other: kotlin.Int): kotlin.Int [infix] declared in kotlin.Int' type=kotlin.Int origin=null
            $this: GET_VAR 'val $dirty: kotlin.Int [val] declared in com.largeprob.drawgo.ui.DrawToolbarKt.ToolbarButtonsContainer' type=kotlin.Int origin=null
            other: CONST Int type=kotlin.Int value=3072
      BRANCH
        if: CALL 'public final fun EQEQ (arg0: kotlin.Any?, arg1: kotlin.Any?): kotlin.Boolean declared in kotlin.internal.ir' type=kotlin.Boolean origin=null
          arg0: CALL 'public final fun and (other: kotlin.Int): kotlin.Int [infix] declared in kotlin.Int' type=kotlin.Int origin=null
            $this: GET_VAR '$changed: kotlin.Int declared in com.largeprob.drawgo.ui.DrawToolbarKt.ToolbarButtonsContainer' type=kotlin.Int origin=null
            other: CONST Int type=kotlin.Int value=3072
          arg1: CONST Int type=kotlin.Int value=0
        then: SET_VAR 'val $dirty: kotlin.Int [val] declared in com.largeprob.drawgo.ui.DrawToolbarKt.ToolbarButtonsContainer' type=kotlin.Unit origin=null
          CALL 'public final fun or (other: kotlin.Int): kotlin.Int [infix] declared in kotlin.Int' type=kotlin.Int origin=null
            $this: GET_VAR 'val $dirty: kotlin.Int [val] declared in com.largeprob.drawgo.ui.DrawToolbarKt.ToolbarButtonsContainer' type=kotlin.Int origin=null
            other: WHEN type=kotlin.Int origin=IF
              BRANCH
                if: CALL 'public open fun changedInstance (value: kotlin.Any?): kotlin.Boolean declared in androidx.compose.runtime.Composer' type=kotlin.Boolean origin=null
                  $this: GET_VAR '$composer: androidx.compose.runtime.Composer? [assignable] declared in com.largeprob.drawgo.ui.DrawToolbarKt.ToolbarButtonsContainer' type=androidx.compose.runtime.Composer? origin=null
                  value: GET_VAR 'onExpandToggleClick: kotlin.Function0<kotlin.Unit> declared in com.largeprob.drawgo.ui.DrawToolbarKt.ToolbarButtonsContainer' type=kotlin.Function0<kotlin.Unit> origin=null
                then: CONST Int type=kotlin.Int value=2048
              BRANCH
                if: CONST Boolean type=kotlin.Boolean value=true
                then: CONST Int type=kotlin.Int value=1024
    WHEN type=kotlin.Unit origin=IF
      BRANCH
        if: CALL 'public final fun OROR (arg0: kotlin.Boolean, arg1: kotlin.Boolean): kotlin.Boolean declared in kotlin.internal.ir' type=kotlin.Boolean origin=null
          arg0: CALL 'public final fun not (): kotlin.Boolean [operator] declared in kotlin.Boolean' type=kotlin.Boolean origin=null
            $this: CALL 'public final fun EQEQ (arg0: kotlin.Any?, arg1: kotlin.Any?): kotlin.Boolean declared in kotlin.internal.ir' type=kotlin.Boolean origin=null
              arg0: CALL 'public final fun and (other: kotlin.Int): kotlin.Int [infix] declared in kotlin.Int' type=kotlin.Int origin=null
                $this: GET_VAR 'val $dirty: kotlin.Int [val] declared in com.largeprob.drawgo.ui.DrawToolbarKt.ToolbarButtonsContainer' type=kotlin.Int origin=null
                other: CONST Int type=kotlin.Int value=1171
              arg1: CONST Int type=kotlin.Int value=1170
          arg1: CALL 'public final fun not (): kotlin.Boolean [operator] declared in kotlin.Boolean' type=kotlin.Boolean origin=null
            $this: CALL 'public abstract fun <get-skipping> (): kotlin.Boolean declared in androidx.compose.runtime.Composer' type=kotlin.Boolean origin=null
              $this: GET_VAR '$composer: androidx.compose.runtime.Composer? [assignable] declared in com.largeprob.drawgo.ui.DrawToolbarKt.ToolbarButtonsContainer' type=androidx.compose.runtime.Composer? origin=null
        then: BLOCK type=kotlin.Unit origin=null
          WHEN type=kotlin.Unit origin=IF
            BRANCH
              if: CALL 'public final fun not (): kotlin.Boolean [operator] declared in kotlin.Boolean' type=kotlin.Boolean origin=null
                $this: CALL 'public final fun EQEQ (arg0: kotlin.Any?, arg1: kotlin.Any?): kotlin.Boolean declared in kotlin.internal.ir' type=kotlin.Boolean origin=null
                  arg0: CALL 'public final fun and (other: kotlin.Int): kotlin.Int [infix] declared in kotlin.Int' type=kotlin.Int origin=null
                    $this: GET_VAR '$default: kotlin.Int declared in com.largeprob.drawgo.ui.DrawToolbarKt.ToolbarButtonsContainer' type=kotlin.Int origin=null
                    other: CONST Int type=kotlin.Int value=1
                  arg1: CONST Int type=kotlin.Int value=0
              then: SET_VAR 'modifier: androidx.compose.ui.Modifier? [assignable] declared in com.largeprob.drawgo.ui.DrawToolbarKt.ToolbarButtonsContainer' type=kotlin.Unit origin=null
                GET_FIELD 'FIELD FIELD_FOR_OBJECT_INSTANCE name:Companion type:androidx.compose.ui.Modifier.Companion visibility:public [final,static] declared in androidx.compose.ui.Modifier' type=androidx.compose.ui.Modifier.Companion origin=null
          WHEN type=kotlin.Unit origin=IF
            BRANCH
              if: CALL 'public final fun isTraceInProgress (): kotlin.Boolean declared in androidx.compose.runtime.ComposerKt' type=kotlin.Boolean origin=null
              then: CALL 'public final fun traceEventStart (key: kotlin.Int, dirty1: kotlin.Int, dirty2: kotlin.Int, info: kotlin.String): kotlin.Unit declared in androidx.compose.runtime.ComposerKt' type=kotlin.Unit origin=null
                key: CONST Int type=kotlin.Int value=-1582094781
                dirty1: GET_VAR 'val $dirty: kotlin.Int [val] declared in com.largeprob.drawgo.ui.DrawToolbarKt.ToolbarButtonsContainer' type=kotlin.Int origin=null
                dirty2: CONST Int type=kotlin.Int value=-1
                info: CONST String type=kotlin.String value="com.largeprob.drawgo.ui.ToolbarButtonsContainer (DrawToolbar.kt:255)"
          VAR name:orientation type:com.largeprob.drawgo.data.ToolbarOrientation [val]
            CALL 'public final fun <get-toolbarOrientation> (): com.largeprob.drawgo.data.ToolbarOrientation declared in com.largeprob.drawgo.data.DrawingConfigState' type=com.largeprob.drawgo.data.ToolbarOrientation origin=GET_PROPERTY
              $this: GET_VAR 'uiState: com.largeprob.drawgo.data.DrawingConfigState declared in com.largeprob.drawgo.ui.DrawToolbarKt.ToolbarButtonsContainer' type=com.largeprob.drawgo.data.DrawingConfigState origin=null
          VAR name:isFirstDrawerOpen type:kotlin.Boolean [val]
            CALL 'public final fun <get-firstDrawerOpen> (): kotlin.Boolean declared in com.largeprob.drawgo.data.DrawingConfigState' type=kotlin.Boolean origin=GET_PROPERTY
              $this: GET_VAR 'uiState: com.largeprob.drawgo.data.DrawingConfigState declared in com.largeprob.drawgo.ui.DrawToolbarKt.ToolbarButtonsContainer' type=com.largeprob.drawgo.data.DrawingConfigState origin=null
          VAR name:isSecondDrawerOpen type:kotlin.Boolean [val]
            CALL 'public final fun <get-secondDrawerOpen> (): kotlin.Boolean declared in com.largeprob.drawgo.data.DrawingConfigState' type=kotlin.Boolean origin=GET_PROPERTY
              $this: GET_VAR 'uiState: com.largeprob.drawgo.data.DrawingConfigState declared in com.largeprob.drawgo.ui.DrawToolbarKt.ToolbarButtonsContainer' type=com.largeprob.drawgo.data.DrawingConfigState origin=null
          VAR name:firstDrawerButtonIds type:kotlin.collections.Set<kotlin.String> [val]
            CALL 'public final fun <get-firstDrawerButtons> (): kotlin.collections.Set<kotlin.String> declared in com.largeprob.drawgo.data.DrawingConfigState' type=kotlin.collections.Set<kotlin.String> origin=GET_PROPERTY
              $this: GET_VAR 'uiState: com.largeprob.drawgo.data.DrawingConfigState declared in com.largeprob.drawgo.ui.DrawToolbarKt.ToolbarButtonsContainer' type=com.largeprob.drawgo.data.DrawingConfigState origin=null
          VAR name:secondDrawerButtonIds type:kotlin.collections.Set<kotlin.String> [val]
            CALL 'public final fun <get-secondDrawerButtons> (): kotlin.collections.Set<kotlin.String> declared in com.largeprob.drawgo.data.DrawingConfigState' type=kotlin.collections.Set<kotlin.String> origin=GET_PROPERTY
              $this: GET_VAR 'uiState: com.largeprob.drawgo.data.DrawingConfigState declared in com.largeprob.drawgo.ui.DrawToolbarKt.ToolbarButtonsContainer' type=com.largeprob.drawgo.data.DrawingConfigState origin=null
          VAR name:secondDrawerPinnedButtons type:kotlin.collections.Set<kotlin.String> [val]
            CALL 'public final fun <get-secondDrawerPinnedButtons> (): kotlin.collections.Set<kotlin.String> declared in com.largeprob.drawgo.data.DrawingConfigState' type=kotlin.collections.Set<kotlin.String> origin=GET_PROPERTY
              $this: GET_VAR 'uiState: com.largeprob.drawgo.data.DrawingConfigState declared in com.largeprob.drawgo.ui.DrawToolbarKt.ToolbarButtonsContainer' type=com.largeprob.drawgo.data.DrawingConfigState origin=null
          VAR name:standaloneButtonIds type:kotlin.collections.List<kotlin.String> [val]
            CALL 'public final fun filter <T> (predicate: kotlin.Function1<T of kotlin.collections.CollectionsKt.filter, kotlin.Boolean>): kotlin.collections.List<T of kotlin.collections.CollectionsKt.filter> [inline] declared in kotlin.collections.CollectionsKt' type=kotlin.collections.List<kotlin.String> origin=null
              <T>: kotlin.String
              $receiver: CALL 'public abstract fun <get-keys> (): kotlin.collections.Set<K of kotlin.collections.Map> declared in kotlin.collections.Map' type=kotlin.collections.Set<kotlin.String> origin=GET_PROPERTY
                $this: GET_VAR 'allButtonsMap: kotlin.collections.Map<kotlin.String, com.largeprob.drawgo.ui.ToolbarButton> declared in com.largeprob.drawgo.ui.DrawToolbarKt.ToolbarButtonsContainer' type=kotlin.collections.Map<kotlin.String, com.largeprob.drawgo.ui.ToolbarButton> origin=null
              predicate: BLOCK type=kotlin.Function1<kotlin.String, kotlin.Boolean> origin=LAMBDA
                COMPOSITE type=kotlin.Unit origin=null
                FUNCTION_REFERENCE 'private final fun ToolbarButtonsContainer$lambda$22 ($firstDrawerButtonIds: kotlin.collections.Set<kotlin.String>, $secondDrawerButtonIds: kotlin.collections.Set<kotlin.String>, it: kotlin.String): kotlin.Boolean declared in com.largeprob.drawgo.ui.DrawToolbarKt' type=kotlin.Function1<kotlin.String, kotlin.Boolean> origin=INLINE_LAMBDA reflectionTarget=null
                  $firstDrawerButtonIds: GET_VAR 'val firstDrawerButtonIds: kotlin.collections.Set<kotlin.String> [val] declared in com.largeprob.drawgo.ui.DrawToolbarKt.ToolbarButtonsContainer' type=kotlin.collections.Set<kotlin.String> origin=null
                  $secondDrawerButtonIds: GET_VAR 'val secondDrawerButtonIds: kotlin.collections.Set<kotlin.String> [val] declared in com.largeprob.drawgo.ui.DrawToolbarKt.ToolbarButtonsContainer' type=kotlin.collections.Set<kotlin.String> origin=null
          VAR name:arrangement type:androidx.compose.foundation.layout.Arrangement.HorizontalOrVertical [val]
            CALL 'public final fun spacedBy-0680j_4 (space: androidx.compose.ui.unit.Dp): androidx.compose.foundation.layout.Arrangement.HorizontalOrVertical declared in androidx.compose.foundation.layout.Arrangement' type=androidx.compose.foundation.layout.Arrangement.HorizontalOrVertical origin=null
              $this: GET_FIELD 'FIELD FIELD_FOR_OBJECT_INSTANCE name:INSTANCE type:androidx.compose.foundation.layout.Arrangement visibility:public [final,static] declared in androidx.compose.foundation.layout.Arrangement' type=androidx.compose.foundation.layout.Arrangement origin=null
              space: CALL 'public final fun <get-dp> (): androidx.compose.ui.unit.Dp [inline] declared in androidx.compose.ui.unit.DpKt' type=androidx.compose.ui.unit.Dp origin=GET_PROPERTY
                $receiver: CONST Int type=kotlin.Int value=8
          VAR name:popupAlignment type:androidx.compose.ui.Alignment [val]
            BLOCK type=androidx.compose.ui.Alignment origin=WHEN
              VAR IR_TEMPORARY_VARIABLE name:tmp0_subject type:com.largeprob.drawgo.data.ToolbarOrientation [val]
                GET_VAR 'val orientation: com.largeprob.drawgo.data.ToolbarOrientation [val] declared in com.largeprob.drawgo.ui.DrawToolbarKt.ToolbarButtonsContainer' type=com.largeprob.drawgo.data.ToolbarOrientation origin=null
              VAR IR_TEMPORARY_VARIABLE name:tmp0 type:kotlin.Int [val]
                CALL 'public final fun get (index: kotlin.Int): kotlin.Int [operator] declared in kotlin.IntArray' type=kotlin.Int origin=null
                  $this: GET_FIELD 'FIELD ENUM_MAPPINGS_FOR_WHEN name:$EnumSwitchMapping$0 type:kotlin.IntArray visibility:public [final,static] declared in com.largeprob.drawgo.ui.DrawToolbarKt.WhenMappings' type=kotlin.IntArray origin=null
                  index: CALL 'public final fun <get-ordinal> (): kotlin.Int [fake_override] declared in com.largeprob.drawgo.data.ToolbarOrientation' type=kotlin.Int origin=null
                    $this: GET_VAR 'val tmp0_subject: com.largeprob.drawgo.data.ToolbarOrientation [val] declared in com.largeprob.drawgo.ui.DrawToolbarKt.ToolbarButtonsContainer' type=com.largeprob.drawgo.data.ToolbarOrientation origin=null
              WHEN type=androidx.compose.ui.Alignment origin=WHEN
                BRANCH
                  if: CALL 'public final fun EQEQ (arg0: kotlin.Any?, arg1: kotlin.Any?): kotlin.Boolean declared in kotlin.internal.ir' type=kotlin.Boolean origin=null
                    arg0: GET_VAR 'val tmp0: kotlin.Int [val] declared in com.largeprob.drawgo.ui.DrawToolbarKt.ToolbarButtonsContainer' type=kotlin.Int origin=null
                    arg1: CONST Int type=kotlin.Int value=1
                  then: CALL 'public final fun <get-TopCenter> (): androidx.compose.ui.Alignment declared in androidx.compose.ui.Alignment.Companion' type=androidx.compose.ui.Alignment origin=GET_PROPERTY
                    $this: GET_FIELD 'FIELD FIELD_FOR_OBJECT_INSTANCE name:Companion type:androidx.compose.ui.Alignment.Companion visibility:public [final,static] declared in androidx.compose.ui.Alignment' type=androidx.compose.ui.Alignment.Companion origin=null
                BRANCH
                  if: CALL 'public final fun EQEQ (arg0: kotlin.Any?, arg1: kotlin.Any?): kotlin.Boolean declared in kotlin.internal.ir' type=kotlin.Boolean origin=null
                    arg0: GET_VAR 'val tmp0: kotlin.Int [val] declared in com.largeprob.drawgo.ui.DrawToolbarKt.ToolbarButtonsContainer' type=kotlin.Int origin=null
                    arg1: CONST Int type=kotlin.Int value=2
                  then: CALL 'public final fun <get-CenterEnd> (): androidx.compose.ui.Alignment declared in androidx.compose.ui.Alignment.Companion' type=androidx.compose.ui.Alignment origin=GET_PROPERTY
                    $this: GET_FIELD 'FIELD FIELD_FOR_OBJECT_INSTANCE name:Companion type:androidx.compose.ui.Alignment.Companion visibility:public [final,static] declared in androidx.compose.ui.Alignment' type=androidx.compose.ui.Alignment.Companion origin=null
                BRANCH
                  if: CONST Boolean type=kotlin.Boolean value=true
                  then: THROW type=kotlin.Nothing
                    CONSTRUCTOR_CALL 'public constructor <init> (p0: @[FlexibleNullability] kotlin.String?) declared in java.lang.Exception' type=java.lang.Exception origin=null
                      p0: CONST String type=kotlin.String value=""
          VAR name:animatedContentSize type:androidx.compose.ui.Modifier [val]
            CALL 'public final fun animateContentSize$default (animationSpec: androidx.compose.animation.core.FiniteAnimationSpec<androidx.compose.ui.unit.IntSize>?, finishedListener: kotlin.Function2<@[ParameterName(name = "initialValue")] androidx.compose.ui.unit.IntSize, @[ParameterName(name = "targetValue")] androidx.compose.ui.unit.IntSize, kotlin.Unit>?, $mask0: kotlin.Int, $handler: kotlin.Any?): androidx.compose.ui.Modifier declared in androidx.compose.animation.AnimationModifierKt' type=androidx.compose.ui.Modifier origin=DEFAULT_DISPATCH_CALL
              $receiver: GET_FIELD 'FIELD FIELD_FOR_OBJECT_INSTANCE name:Companion type:androidx.compose.ui.Modifier.Companion visibility:public [final,static] declared in androidx.compose.ui.Modifier' type=androidx.compose.ui.Modifier.Companion origin=null
              animationSpec: TYPE_OP type=androidx.compose.animation.core.SpringSpec<androidx.compose.ui.unit.IntSize> origin=IMPLICIT_CAST typeOperand=androidx.compose.animation.core.SpringSpec<androidx.compose.ui.unit.IntSize>
                CALL 'public final fun spring$default <T> (dampingRatio: kotlin.Float, stiffness: kotlin.Float, visibilityThreshold: T of androidx.compose.animation.core.AnimationSpecKt.spring$default?, $mask0: kotlin.Int, $handler: kotlin.Any?): androidx.compose.animation.core.SpringSpec<T of androidx.compose.animation.core.AnimationSpecKt.spring$default> declared in androidx.compose.animation.core.AnimationSpecKt' type=androidx.compose.animation.core.SpringSpec<T of androidx.compose.animation.core.AnimationSpecKt.spring$default> origin=DEFAULT_DISPATCH_CALL
                  <T>: androidx.compose.ui.unit.IntSize
                  dampingRatio: CONST Float type=kotlin.Float value=0.75
                  stiffness: COMPOSITE type=kotlin.Float origin=DEFAULT_VALUE
                    CONST Float type=kotlin.Float value=0.0
                  visibilityThreshold: COMPOSITE type=T of androidx.compose.animation.core.AnimationSpecKt.spring$default? origin=DEFAULT_VALUE
                    CONST Null type=kotlin.Any? value=null
                  $mask0: CONST Int type=kotlin.Int value=6
                  $handler: CONST Null type=kotlin.Any? value=null
              finishedListener: COMPOSITE type=kotlin.Function2<@[ParameterName(name = "initialValue")] androidx.compose.ui.unit.IntSize, @[ParameterName(name = "targetValue")] androidx.compose.ui.unit.IntSize, kotlin.Unit>? origin=DEFAULT_VALUE
                CONST Null type=kotlin.Function2<@[ParameterName(name = "initialValue")] androidx.compose.ui.unit.IntSize, @[ParameterName(name = "targetValue")] androidx.compose.ui.unit.IntSize, kotlin.Unit>? value=null
              $mask0: CONST Int type=kotlin.Int value=2
              $handler: CONST Null type=kotlin.Any? value=null
          BLOCK type=kotlin.Unit origin=WHEN
            VAR IR_TEMPORARY_VARIABLE name:tmp1_subject type:com.largeprob.drawgo.data.ToolbarOrientation [val]
              GET_VAR 'val orientation: com.largeprob.drawgo.data.ToolbarOrientation [val] declared in com.largeprob.drawgo.ui.DrawToolbarKt.ToolbarButtonsContainer' type=com.largeprob.drawgo.data.ToolbarOrientation origin=null
            VAR IR_TEMPORARY_VARIABLE name:tmp0 type:kotlin.Int [val]
              CALL 'public final fun get (index: kotlin.Int): kotlin.Int [operator] declared in kotlin.IntArray' type=kotlin.Int origin=null
                $this: GET_FIELD 'FIELD ENUM_MAPPINGS_FOR_WHEN name:$EnumSwitchMapping$0 type:kotlin.IntArray visibility:public [final,static] declared in com.largeprob.drawgo.ui.DrawToolbarKt.WhenMappings' type=kotlin.IntArray origin=null
                index: CALL 'public final fun <get-ordinal> (): kotlin.Int [fake_override] declared in com.largeprob.drawgo.data.ToolbarOrientation' type=kotlin.Int origin=null
                  $this: GET_VAR 'val tmp1_subject: com.largeprob.drawgo.data.ToolbarOrientation [val] declared in com.largeprob.drawgo.ui.DrawToolbarKt.ToolbarButtonsContainer' type=com.largeprob.drawgo.data.ToolbarOrientation origin=null
            WHEN type=kotlin.Unit origin=WHEN
              BRANCH
                if: CALL 'public final fun EQEQ (arg0: kotlin.Any?, arg1: kotlin.Any?): kotlin.Boolean declared in kotlin.internal.ir' type=kotlin.Boolean origin=null
                  arg0: GET_VAR 'val tmp0: kotlin.Int [val] declared in com.largeprob.drawgo.ui.DrawToolbarKt.ToolbarButtonsContainer' type=kotlin.Int origin=null
                  arg1: CONST Int type=kotlin.Int value=1
                then: BLOCK type=kotlin.Unit origin=null
                  BLOCK type=kotlin.Unit origin=null
                    CALL 'public abstract fun startReplaceGroup (key: kotlin.Int): kotlin.Unit declared in androidx.compose.runtime.Composer' type=kotlin.Unit origin=null
                      $this: GET_VAR '$composer: androidx.compose.runtime.Composer? [assignable] declared in com.largeprob.drawgo.ui.DrawToolbarKt.ToolbarButtonsContainer' type=androidx.compose.runtime.Composer? origin=null
                      key: CONST Int type=kotlin.Int value=231676638
                    CALL 'public final fun sourceInformation (composer: androidx.compose.runtime.Composer, sourceInformation: kotlin.String): kotlin.Unit declared in androidx.compose.runtime.ComposerKt' type=kotlin.Unit origin=null
                      composer: GET_VAR '$composer: androidx.compose.runtime.Composer? [assignable] declared in com.largeprob.drawgo.ui.DrawToolbarKt.ToolbarButtonsContainer' type=androidx.compose.runtime.Composer? origin=null
                      sourceInformation: CONST String type=kotlin.String value="288@10517L3284"
                  BLOCK type=kotlin.Unit origin=null
                    BLOCK type=kotlin.Unit origin=ARGUMENTS_REORDERING_FOR_CALL
                      VAR IR_TEMPORARY_VARIABLE name:tmp2_modifier type:androidx.compose.ui.Modifier [val]
                        CALL 'public open fun then (other: androidx.compose.ui.Modifier): androidx.compose.ui.Modifier [infix] declared in androidx.compose.ui.Modifier' type=androidx.compose.ui.Modifier origin=null
                          $this: GET_VAR 'modifier: androidx.compose.ui.Modifier? [assignable] declared in com.largeprob.drawgo.ui.DrawToolbarKt.ToolbarButtonsContainer' type=androidx.compose.ui.Modifier origin=null
                          other: GET_VAR 'val animatedContentSize: androidx.compose.ui.Modifier [val] declared in com.largeprob.drawgo.ui.DrawToolbarKt.ToolbarButtonsContainer' type=androidx.compose.ui.Modifier origin=null
                      VAR IR_TEMPORARY_VARIABLE name:tmp3_verticalAlignment type:androidx.compose.ui.Alignment.Vertical [val]
                        CALL 'public final fun <get-CenterVertically> (): androidx.compose.ui.Alignment.Vertical declared in androidx.compose.ui.Alignment.Companion' type=androidx.compose.ui.Alignment.Vertical origin=GET_PROPERTY
                          $this: GET_FIELD 'FIELD FIELD_FOR_OBJECT_INSTANCE name:Companion type:androidx.compose.ui.Alignment.Companion visibility:public [final,static] declared in androidx.compose.ui.Alignment' type=androidx.compose.ui.Alignment.Companion origin=null
                      CALL 'public final fun Row (modifier: androidx.compose.ui.Modifier?, horizontalArrangement: androidx.compose.foundation.layout.Arrangement.Horizontal?, verticalAlignment: androidx.compose.ui.Alignment.Vertical?, content: @[ExtensionFunctionType] kotlin.Function3<androidx.compose.foundation.layout.RowScope, androidx.compose.runtime.Composer, kotlin.Int, kotlin.Unit>, $composer: androidx.compose.runtime.Composer?, $changed: kotlin.Int, $default: kotlin.Int): kotlin.Unit [inline] declared in androidx.compose.foundation.layout.RowKt' type=kotlin.Unit origin=null
                        modifier: GET_VAR 'val tmp2_modifier: androidx.compose.ui.Modifier [val] declared in com.largeprob.drawgo.ui.DrawToolbarKt.ToolbarButtonsContainer' type=androidx.compose.ui.Modifier origin=null
                        horizontalArrangement: GET_VAR 'val arrangement: androidx.compose.foundation.layout.Arrangement.HorizontalOrVertical [val] declared in com.largeprob.drawgo.ui.DrawToolbarKt.ToolbarButtonsContainer' type=androidx.compose.foundation.layout.Arrangement.HorizontalOrVertical origin=null
                        verticalAlignment: GET_VAR 'val tmp3_verticalAlignment: androidx.compose.ui.Alignment.Vertical [val] declared in com.largeprob.drawgo.ui.DrawToolbarKt.ToolbarButtonsContainer' type=androidx.compose.ui.Alignment.Vertical origin=null
                        content: BLOCK type=@[ExtensionFunctionType] kotlin.Function3<androidx.compose.foundation.layout.RowScope, androidx.compose.runtime.Composer, kotlin.Int, kotlin.Unit> origin=LAMBDA
                          COMPOSITE type=kotlin.Unit origin=null
                          FUNCTION_REFERENCE 'private final fun ToolbarButtonsContainer$lambda$27 ($standaloneButtonIds: kotlin.collections.List<kotlin.String>, $firstDrawerButtonIds: kotlin.collections.Set<kotlin.String>, $isFirstDrawerOpen: kotlin.Boolean, $secondDrawerPinnedButtons: kotlin.collections.Set<kotlin.String>, $isSecondDrawerOpen: kotlin.Boolean, $secondDrawerButtonIds: kotlin.collections.Set<kotlin.String>, $allButtonsMap: kotlin.collections.Map<kotlin.String, com.largeprob.drawgo.ui.ToolbarButton>, $tmp0_marker: kotlin.Int, $popupAlignment: androidx.compose.ui.Alignment, $onExpandToggleClick: kotlin.Function0<kotlin.Unit>, $orientation: com.largeprob.drawgo.data.ToolbarOrientation, $composer: androidx.compose.runtime.Composer?, $changed: kotlin.Int): kotlin.Unit declared in com.largeprob.drawgo.ui.DrawToolbarKt' type=@[ExtensionFunctionType] kotlin.Function3<androidx.compose.foundation.layout.RowScope, androidx.compose.runtime.Composer, kotlin.Int, kotlin.Unit> origin=INLINE_LAMBDA reflectionTarget=null
                            $standaloneButtonIds: GET_VAR 'val standaloneButtonIds: kotlin.collections.List<kotlin.String> [val] declared in com.largeprob.drawgo.ui.DrawToolbarKt.ToolbarButtonsContainer' type=kotlin.collections.List<kotlin.String> origin=null
                            $firstDrawerButtonIds: GET_VAR 'val firstDrawerButtonIds: kotlin.collections.Set<kotlin.String> [val] declared in com.largeprob.drawgo.ui.DrawToolbarKt.ToolbarButtonsContainer' type=kotlin.collections.Set<kotlin.String> origin=null
                            $isFirstDrawerOpen: GET_VAR 'val isFirstDrawerOpen: kotlin.Boolean [val] declared in com.largeprob.drawgo.ui.DrawToolbarKt.ToolbarButtonsContainer' type=kotlin.Boolean origin=null
                            $secondDrawerPinnedButtons: GET_VAR 'val secondDrawerPinnedButtons: kotlin.collections.Set<kotlin.String> [val] declared in com.largeprob.drawgo.ui.DrawToolbarKt.ToolbarButtonsContainer' type=kotlin.collections.Set<kotlin.String> origin=null
                            $isSecondDrawerOpen: GET_VAR 'val isSecondDrawerOpen: kotlin.Boolean [val] declared in com.largeprob.drawgo.ui.DrawToolbarKt.ToolbarButtonsContainer' type=kotlin.Boolean origin=null
                            $secondDrawerButtonIds: GET_VAR 'val secondDrawerButtonIds: kotlin.collections.Set<kotlin.String> [val] declared in com.largeprob.drawgo.ui.DrawToolbarKt.ToolbarButtonsContainer' type=kotlin.collections.Set<kotlin.String> origin=null
                            $allButtonsMap: GET_VAR 'allButtonsMap: kotlin.collections.Map<kotlin.String, com.largeprob.drawgo.ui.ToolbarButton> declared in com.largeprob.drawgo.ui.DrawToolbarKt.ToolbarButtonsContainer' type=kotlin.collections.Map<kotlin.String, com.largeprob.drawgo.ui.ToolbarButton> origin=null
                            $tmp0_marker: GET_VAR 'val tmp0_marker: kotlin.Int [val] declared in <no parent>' type=kotlin.Int origin=null
                            $popupAlignment: GET_VAR 'val popupAlignment: androidx.compose.ui.Alignment [val] declared in com.largeprob.drawgo.ui.DrawToolbarKt.ToolbarButtonsContainer' type=androidx.compose.ui.Alignment origin=null
                            $onExpandToggleClick: GET_VAR 'onExpandToggleClick: kotlin.Function0<kotlin.Unit> declared in com.largeprob.drawgo.ui.DrawToolbarKt.ToolbarButtonsContainer' type=kotlin.Function0<kotlin.Unit> origin=null
                            $orientation: GET_VAR 'val orientation: com.largeprob.drawgo.data.ToolbarOrientation [val] declared in com.largeprob.drawgo.ui.DrawToolbarKt.ToolbarButtonsContainer' type=com.largeprob.drawgo.data.ToolbarOrientation origin=null
                        $composer: GET_VAR '$composer: androidx.compose.runtime.Composer? [assignable] declared in com.largeprob.drawgo.ui.DrawToolbarKt.ToolbarButtonsContainer' type=androidx.compose.runtime.Composer? origin=null
                        $changed: CONST Int type=kotlin.Int value=432
                        $default: CONST Int type=kotlin.Int value=0
                  CALL 'public abstract fun endReplaceGroup (): kotlin.Unit declared in androidx.compose.runtime.Composer' type=kotlin.Unit origin=null
                    $this: GET_VAR '$composer: androidx.compose.runtime.Composer? [assignable] declared in com.largeprob.drawgo.ui.DrawToolbarKt.ToolbarButtonsContainer' type=androidx.compose.runtime.Composer? origin=null
              BRANCH
                if: CALL 'public final fun EQEQ (arg0: kotlin.Any?, arg1: kotlin.Any?): kotlin.Boolean declared in kotlin.internal.ir' type=kotlin.Boolean origin=null
                  arg0: GET_VAR 'val tmp0: kotlin.Int [val] declared in com.largeprob.drawgo.ui.DrawToolbarKt.ToolbarButtonsContainer' type=kotlin.Int origin=null
                  arg1: CONST Int type=kotlin.Int value=2
                then: BLOCK type=kotlin.Unit origin=null
                  BLOCK type=kotlin.Unit origin=null
                    CALL 'public abstract fun startReplaceGroup (key: kotlin.Int): kotlin.Unit declared in androidx.compose.runtime.Composer' type=kotlin.Unit origin=null
                      $this: GET_VAR '$composer: androidx.compose.runtime.Composer? [assignable] declared in com.largeprob.drawgo.ui.DrawToolbarKt.ToolbarButtonsContainer' type=androidx.compose.runtime.Composer? origin=null
                      key: CONST Int type=kotlin.Int value=234994382
                    CALL 'public final fun sourceInformation (composer: androidx.compose.runtime.Composer, sourceInformation: kotlin.String): kotlin.Unit declared in androidx.compose.runtime.ComposerKt' type=kotlin.Unit origin=null
                      composer: GET_VAR '$composer: androidx.compose.runtime.Composer? [assignable] declared in com.largeprob.drawgo.ui.DrawToolbarKt.ToolbarButtonsContainer' type=androidx.compose.runtime.Composer? origin=null
                      sourceInformation: CONST String type=kotlin.String value="365@13866L3140"
                  BLOCK type=kotlin.Unit origin=null
                    BLOCK type=kotlin.Unit origin=ARGUMENTS_REORDERING_FOR_CALL
                      VAR IR_TEMPORARY_VARIABLE name:tmp4_modifier type:androidx.compose.ui.Modifier [val]
                        CALL 'public open fun then (other: androidx.compose.ui.Modifier): androidx.compose.ui.Modifier [infix] declared in androidx.compose.ui.Modifier' type=androidx.compose.ui.Modifier origin=null
                          $this: GET_VAR 'modifier: androidx.compose.ui.Modifier? [assignable] declared in com.largeprob.drawgo.ui.DrawToolbarKt.ToolbarButtonsContainer' type=androidx.compose.ui.Modifier origin=null
                          other: GET_VAR 'val animatedContentSize: androidx.compose.ui.Modifier [val] declared in com.largeprob.drawgo.ui.DrawToolbarKt.ToolbarButtonsContainer' type=androidx.compose.ui.Modifier origin=null
                      VAR IR_TEMPORARY_VARIABLE name:tmp5_horizontalAlignment type:androidx.compose.ui.Alignment.Horizontal [val]
                        CALL 'public final fun <get-CenterHorizontally> (): androidx.compose.ui.Alignment.Horizontal declared in androidx.compose.ui.Alignment.Companion' type=androidx.compose.ui.Alignment.Horizontal origin=GET_PROPERTY
                          $this: GET_FIELD 'FIELD FIELD_FOR_OBJECT_INSTANCE name:Companion type:androidx.compose.ui.Alignment.Companion visibility:public [final,static] declared in androidx.compose.ui.Alignment' type=androidx.compose.ui.Alignment.Companion origin=null
                      CALL 'public final fun Column (modifier: androidx.compose.ui.Modifier?, verticalArrangement: androidx.compose.foundation.layout.Arrangement.Vertical?, horizontalAlignment: androidx.compose.ui.Alignment.Horizontal?, content: @[ExtensionFunctionType] kotlin.Function3<androidx.compose.foundation.layout.ColumnScope, androidx.compose.runtime.Composer, kotlin.Int, kotlin.Unit>, $composer: androidx.compose.runtime.Composer?, $changed: kotlin.Int, $default: kotlin.Int): kotlin.Unit [inline] declared in androidx.compose.foundation.layout.ColumnKt' type=kotlin.Unit origin=null
                        modifier: GET_VAR 'val tmp4_modifier: androidx.compose.ui.Modifier [val] declared in com.largeprob.drawgo.ui.DrawToolbarKt.ToolbarButtonsContainer' type=androidx.compose.ui.Modifier origin=null
                        verticalArrangement: GET_VAR 'val arrangement: androidx.compose.foundation.layout.Arrangement.HorizontalOrVertical [val] declared in com.largeprob.drawgo.ui.DrawToolbarKt.ToolbarButtonsContainer' type=androidx.compose.foundation.layout.Arrangement.HorizontalOrVertical origin=null
                        horizontalAlignment: GET_VAR 'val tmp5_horizontalAlignment: androidx.compose.ui.Alignment.Horizontal [val] declared in com.largeprob.drawgo.ui.DrawToolbarKt.ToolbarButtonsContainer' type=androidx.compose.ui.Alignment.Horizontal origin=null
                        content: BLOCK type=@[ExtensionFunctionType] kotlin.Function3<androidx.compose.foundation.layout.ColumnScope, androidx.compose.runtime.Composer, kotlin.Int, kotlin.Unit> origin=LAMBDA
                          COMPOSITE type=kotlin.Unit origin=null
                          FUNCTION_REFERENCE 'private final fun ToolbarButtonsContainer$lambda$31 ($standaloneButtonIds: kotlin.collections.List<kotlin.String>, $firstDrawerButtonIds: kotlin.collections.Set<kotlin.String>, $isFirstDrawerOpen: kotlin.Boolean, $secondDrawerPinnedButtons: kotlin.collections.Set<kotlin.String>, $isSecondDrawerOpen: kotlin.Boolean, $secondDrawerButtonIds: kotlin.collections.Set<kotlin.String>, $allButtonsMap: kotlin.collections.Map<kotlin.String, com.largeprob.drawgo.ui.ToolbarButton>, $popupAlignment: androidx.compose.ui.Alignment, $onExpandToggleClick: kotlin.Function0<kotlin.Unit>, $orientation: com.largeprob.drawgo.data.ToolbarOrientation, $composer: androidx.compose.runtime.Composer?, $changed: kotlin.Int): kotlin.Unit declared in com.largeprob.drawgo.ui.DrawToolbarKt' type=@[ExtensionFunctionType] kotlin.Function3<androidx.compose.foundation.layout.ColumnScope, androidx.compose.runtime.Composer, kotlin.Int, kotlin.Unit> origin=INLINE_LAMBDA reflectionTarget=null
                            $standaloneButtonIds: GET_VAR 'val standaloneButtonIds: kotlin.collections.List<kotlin.String> [val] declared in com.largeprob.drawgo.ui.DrawToolbarKt.ToolbarButtonsContainer' type=kotlin.collections.List<kotlin.String> origin=null
                            $firstDrawerButtonIds: GET_VAR 'val firstDrawerButtonIds: kotlin.collections.Set<kotlin.String> [val] declared in com.largeprob.drawgo.ui.DrawToolbarKt.ToolbarButtonsContainer' type=kotlin.collections.Set<kotlin.String> origin=null
                            $isFirstDrawerOpen: GET_VAR 'val isFirstDrawerOpen: kotlin.Boolean [val] declared in com.largeprob.drawgo.ui.DrawToolbarKt.ToolbarButtonsContainer' type=kotlin.Boolean origin=null
                            $secondDrawerPinnedButtons: GET_VAR 'val secondDrawerPinnedButtons: kotlin.collections.Set<kotlin.String> [val] declared in com.largeprob.drawgo.ui.DrawToolbarKt.ToolbarButtonsContainer' type=kotlin.collections.Set<kotlin.String> origin=null
                            $isSecondDrawerOpen: GET_VAR 'val isSecondDrawerOpen: kotlin.Boolean [val] declared in com.largeprob.drawgo.ui.DrawToolbarKt.ToolbarButtonsContainer' type=kotlin.Boolean origin=null
                            $secondDrawerButtonIds: GET_VAR 'val secondDrawerButtonIds: kotlin.collections.Set<kotlin.String> [val] declared in com.largeprob.drawgo.ui.DrawToolbarKt.ToolbarButtonsContainer' type=kotlin.collections.Set<kotlin.String> origin=null
                            $allButtonsMap: GET_VAR 'allButtonsMap: kotlin.collections.Map<kotlin.String, com.largeprob.drawgo.ui.ToolbarButton> declared in com.largeprob.drawgo.ui.DrawToolbarKt.ToolbarButtonsContainer' type=kotlin.collections.Map<kotlin.String, com.largeprob.drawgo.ui.ToolbarButton> origin=null
                            $popupAlignment: GET_VAR 'val popupAlignment: androidx.compose.ui.Alignment [val] declared in com.largeprob.drawgo.ui.DrawToolbarKt.ToolbarButtonsContainer' type=androidx.compose.ui.Alignment origin=null
                            $onExpandToggleClick: GET_VAR 'onExpandToggleClick: kotlin.Function0<kotlin.Unit> declared in com.largeprob.drawgo.ui.DrawToolbarKt.ToolbarButtonsContainer' type=kotlin.Function0<kotlin.Unit> origin=null
                            $orientation: GET_VAR 'val orientation: com.largeprob.drawgo.data.ToolbarOrientation [val] declared in com.largeprob.drawgo.ui.DrawToolbarKt.ToolbarButtonsContainer' type=com.largeprob.drawgo.data.ToolbarOrientation origin=null
                        $composer: GET_VAR '$composer: androidx.compose.runtime.Composer? [assignable] declared in com.largeprob.drawgo.ui.DrawToolbarKt.ToolbarButtonsContainer' type=androidx.compose.runtime.Composer? origin=null
                        $changed: CONST Int type=kotlin.Int value=432
                        $default: CONST Int type=kotlin.Int value=0
                  CALL 'public abstract fun endReplaceGroup (): kotlin.Unit declared in androidx.compose.runtime.Composer' type=kotlin.Unit origin=null
                    $this: GET_VAR '$composer: androidx.compose.runtime.Composer? [assignable] declared in com.largeprob.drawgo.ui.DrawToolbarKt.ToolbarButtonsContainer' type=androidx.compose.runtime.Composer? origin=null
              BRANCH
                if: CONST Boolean type=kotlin.Boolean value=true
                then: BLOCK type=kotlin.Nothing origin=null
                  CALL 'public abstract fun startReplaceGroup (key: kotlin.Int): kotlin.Unit declared in androidx.compose.runtime.Composer' type=kotlin.Unit origin=null
                    $this: GET_VAR '$composer: androidx.compose.runtime.Composer? [assignable] declared in com.largeprob.drawgo.ui.DrawToolbarKt.ToolbarButtonsContainer' type=androidx.compose.runtime.Composer? origin=null
                    key: CONST Int type=kotlin.Int value=146226475
                  CALL 'public abstract fun endReplaceGroup (): kotlin.Unit declared in androidx.compose.runtime.Composer' type=kotlin.Unit origin=null
                    $this: GET_VAR '$composer: androidx.compose.runtime.Composer? [assignable] declared in com.largeprob.drawgo.ui.DrawToolbarKt.ToolbarButtonsContainer' type=androidx.compose.runtime.Composer? origin=null
                  THROW type=kotlin.Nothing
                    CONSTRUCTOR_CALL 'public constructor <init> (p0: @[FlexibleNullability] kotlin.String?) declared in java.lang.Exception' type=java.lang.Exception origin=null
                      p0: CONST String type=kotlin.String value=""
          WHEN type=kotlin.Unit origin=IF
            BRANCH
              if: CALL 'public final fun isTraceInProgress (): kotlin.Boolean declared in androidx.compose.runtime.ComposerKt' type=kotlin.Boolean origin=null
              then: CALL 'public final fun traceEventEnd (): kotlin.Unit declared in androidx.compose.runtime.ComposerKt' type=kotlin.Unit origin=null
      BRANCH
        if: CONST Boolean type=kotlin.Boolean value=true
        then: CALL 'public abstract fun skipToGroupEnd (): kotlin.Unit declared in androidx.compose.runtime.Composer' type=kotlin.Unit origin=null
          $this: GET_VAR '$composer: androidx.compose.runtime.Composer? [assignable] declared in com.largeprob.drawgo.ui.DrawToolbarKt.ToolbarButtonsContainer' type=androidx.compose.runtime.Composer? origin=null
    BLOCK type=kotlin.Unit origin=null
      BLOCK type=kotlin.Unit origin=FOLDED_SAFE_CALL
        WHEN type=kotlin.Unit origin=FOLDED_SAFE_CALL
          BRANCH
            if: COMPOSITE type=kotlin.Boolean origin=null
              VAR IR_TEMPORARY_VARIABLE name:tmp0_safe_receiver type:androidx.compose.runtime.ScopeUpdateScope? [val]
                CALL 'public abstract fun endRestartGroup (): androidx.compose.runtime.ScopeUpdateScope? declared in androidx.compose.runtime.Composer' type=androidx.compose.runtime.ScopeUpdateScope? origin=null
                  $this: GET_VAR '$composer: androidx.compose.runtime.Composer? [assignable] declared in com.largeprob.drawgo.ui.DrawToolbarKt.ToolbarButtonsContainer' type=androidx.compose.runtime.Composer? origin=null
              CALL 'public final fun not (): kotlin.Boolean [operator] declared in kotlin.Boolean' type=kotlin.Boolean origin=null
                $this: CALL 'public final fun EQEQ (arg0: kotlin.Any?, arg1: kotlin.Any?): kotlin.Boolean declared in kotlin.internal.ir' type=kotlin.Boolean origin=null
                  arg0: GET_VAR 'val tmp0_safe_receiver: androidx.compose.runtime.ScopeUpdateScope? [val] declared in com.largeprob.drawgo.ui.DrawToolbarKt.ToolbarButtonsContainer' type=androidx.compose.runtime.ScopeUpdateScope? origin=null
                  arg1: CONST Null type=kotlin.Nothing? value=null
            then: CALL 'public abstract fun updateScope (block: kotlin.Function2<androidx.compose.runtime.Composer, kotlin.Int, kotlin.Unit>): kotlin.Unit declared in androidx.compose.runtime.ScopeUpdateScope' type=kotlin.Unit origin=null
              $this: GET_VAR 'val tmp0_safe_receiver: androidx.compose.runtime.ScopeUpdateScope? [val] declared in com.largeprob.drawgo.ui.DrawToolbarKt.ToolbarButtonsContainer' type=androidx.compose.runtime.ScopeUpdateScope? origin=null
              block: BLOCK type=kotlin.Function2<androidx.compose.runtime.Composer?, kotlin.Int, kotlin.Unit> origin=LAMBDA
                COMPOSITE type=kotlin.Unit origin=null
                CALL 'public final fun <jvm-indy> <T> (dynamicCall: T of kotlin.jvm.internal.<jvm-indy>, bootstrapMethodHandle: kotlin.Any, vararg bootstrapMethodArguments: kotlin.Any): T of kotlin.jvm.internal.<jvm-indy> declared in kotlin.jvm.internal' type=kotlin.Function2<androidx.compose.runtime.Composer?, kotlin.Int, kotlin.Unit> origin=null
                  <T>: kotlin.Function2<androidx.compose.runtime.Composer?, kotlin.Int, kotlin.Unit>
                  dynamicCall: CALL 'public final fun invoke (p0: androidx.compose.ui.Modifier?, p1: com.largeprob.drawgo.data.DrawingConfigState, p2: kotlin.collections.Map<kotlin.String, com.largeprob.drawgo.ui.ToolbarButton>, p3: kotlin.Function0<kotlin.Unit>, p4: kotlin.Int, p5: kotlin.Int): kotlin.Function2<androidx.compose.runtime.Composer?, kotlin.Int, kotlin.Unit> declared in kotlin.jvm.internal.invokeDynamic' type=kotlin.Function2<androidx.compose.runtime.Composer?, kotlin.Int, kotlin.Unit> origin=null
                    p0: GET_VAR 'modifier: androidx.compose.ui.Modifier? [assignable] declared in com.largeprob.drawgo.ui.DrawToolbarKt.ToolbarButtonsContainer' type=androidx.compose.ui.Modifier? origin=null
                    p1: GET_VAR 'uiState: com.largeprob.drawgo.data.DrawingConfigState declared in com.largeprob.drawgo.ui.DrawToolbarKt.ToolbarButtonsContainer' type=com.largeprob.drawgo.data.DrawingConfigState origin=null
                    p2: GET_VAR 'allButtonsMap: kotlin.collections.Map<kotlin.String, com.largeprob.drawgo.ui.ToolbarButton> declared in com.largeprob.drawgo.ui.DrawToolbarKt.ToolbarButtonsContainer' type=kotlin.collections.Map<kotlin.String, com.largeprob.drawgo.ui.ToolbarButton> origin=null
                    p3: GET_VAR 'onExpandToggleClick: kotlin.Function0<kotlin.Unit> declared in com.largeprob.drawgo.ui.DrawToolbarKt.ToolbarButtonsContainer' type=kotlin.Function0<kotlin.Unit> origin=null
                    p4: GET_VAR '$changed: kotlin.Int declared in com.largeprob.drawgo.ui.DrawToolbarKt.ToolbarButtonsContainer' type=kotlin.Int origin=null
                    p5: GET_VAR '$default: kotlin.Int declared in com.largeprob.drawgo.ui.DrawToolbarKt.ToolbarButtonsContainer' type=kotlin.Int origin=null
                  bootstrapMethodHandle: CALL 'public final fun <jvm-method-handle> (tag: kotlin.Int, owner: kotlin.String, name: kotlin.String, descriptor: kotlin.String, isInterface: kotlin.Boolean): kotlin.Any declared in kotlin.jvm.internal' type=kotlin.Any origin=null
                    tag: CONST Int type=kotlin.Int value=6
                    owner: CONST String type=kotlin.String value="java/lang/invoke/LambdaMetafactory"
                    name: CONST String type=kotlin.String value="metafactory"
                    descriptor: CONST String type=kotlin.String value="(Ljava/lang/invoke/MethodHandles$Lookup;Ljava/lang/String;Ljava/lang/invoke/MethodType;Ljava/lang/invoke/MethodType;Ljava/lang/invoke/MethodHandle;Ljava/lang/invoke/MethodType;)Ljava/lang/invoke/CallSite;"
                    isInterface: CONST Boolean type=kotlin.Boolean value=false
                  bootstrapMethodArguments: VARARG type=kotlin.Array<kotlin.Any> varargElementType=kotlin.Any
                    CALL 'public final fun <jvm-original-method-type> (method: kotlin.Any): kotlin.Any declared in kotlin.jvm.internal' type=kotlin.Any origin=null
                      method: RAW_FUNCTION_REFERENCE 'public abstract fun invoke (p1: P1 of kotlin.Function2, p2: P2 of kotlin.Function2): R of kotlin.Function2 [operator] declared in kotlin.Function2' type=kotlin.Any
                    RAW_FUNCTION_REFERENCE 'private final fun ToolbarButtonsContainer$lambda$32 ($modifier: androidx.compose.ui.Modifier?, $uiState: com.largeprob.drawgo.data.DrawingConfigState, $allButtonsMap: kotlin.collections.Map<kotlin.String, com.largeprob.drawgo.ui.ToolbarButton>, $onExpandToggleClick: kotlin.Function0<kotlin.Unit>, $$changed: kotlin.Int, $$default: kotlin.Int, $composer: androidx.compose.runtime.Composer?, $force: kotlin.Int): kotlin.Unit? declared in com.largeprob.drawgo.ui.DrawToolbarKt' type=kotlin.Any
                    CALL 'public final fun <jvm-original-method-type> (method: kotlin.Any): kotlin.Any declared in kotlin.jvm.internal' type=kotlin.Any origin=null
                      method: RAW_FUNCTION_REFERENCE 'public abstract fun invoke (p1: androidx.compose.runtime.Composer?, p2: kotlin.Int?): kotlin.Unit? [fake_override,operator] declared in kotlin.jvm.internal.invokeDynamic.<fake>' type=kotlin.Any
          BRANCH
            if: CONST Boolean type=kotlin.Boolean value=true
            then: CONST Null type=kotlin.Any? value=null

	at org.jetbrains.kotlin.backend.jvm.codegen.ExpressionCodegen.findLocalIndex(ExpressionCodegen.kt:930)
	at org.jetbrains.kotlin.backend.jvm.codegen.ExpressionCodegen.genOrGetLocal$backend_jvm_codegen(ExpressionCodegen.kt:815)
	at org.jetbrains.kotlin.backend.jvm.codegen.IrInlineCodegen.genValueAndPut(IrInlineCodegen.kt:103)
	at org.jetbrains.kotlin.backend.jvm.codegen.ExpressionCodegen.visitCall$handleParameter(ExpressionCodegen.kt:616)
	at org.jetbrains.kotlin.backend.jvm.codegen.ExpressionCodegen.visitCall(ExpressionCodegen.kt:644)
	at org.jetbrains.kotlin.backend.jvm.codegen.ExpressionCodegen.visitCall(ExpressionCodegen.kt:138)
	at org.jetbrains.kotlin.ir.expressions.IrCall.accept(IrCall.kt:24)
	at org.jetbrains.kotlin.backend.jvm.codegen.ExpressionCodegen.visitStatementContainer(ExpressionCodegen.kt:579)
	at org.jetbrains.kotlin.backend.jvm.codegen.ExpressionCodegen.visitContainerExpression(ExpressionCodegen.kt:593)
	at org.jetbrains.kotlin.backend.jvm.codegen.ExpressionCodegen.visitContainerExpression(ExpressionCodegen.kt:138)
	at org.jetbrains.kotlin.ir.visitors.IrElementVisitor$DefaultImpls.visitBlock(IrElementVisitor.kt:122)
	at org.jetbrains.kotlin.backend.jvm.codegen.ExpressionCodegen.visitBlock(ExpressionCodegen.kt:413)
	at org.jetbrains.kotlin.backend.jvm.codegen.ExpressionCodegen.visitBlock(ExpressionCodegen.kt:138)
	at org.jetbrains.kotlin.ir.expressions.IrBlock.accept(IrBlock.kt:18)
	at org.jetbrains.kotlin.backend.jvm.codegen.ExpressionCodegen.visitStatementContainer(ExpressionCodegen.kt:579)
	at org.jetbrains.kotlin.backend.jvm.codegen.ExpressionCodegen.visitContainerExpression(ExpressionCodegen.kt:593)
	at org.jetbrains.kotlin.backend.jvm.codegen.ExpressionCodegen.visitContainerExpression(ExpressionCodegen.kt:138)
	at org.jetbrains.kotlin.ir.visitors.IrElementVisitor$DefaultImpls.visitBlock(IrElementVisitor.kt:122)
	at org.jetbrains.kotlin.backend.jvm.codegen.ExpressionCodegen.visitBlock(ExpressionCodegen.kt:413)
	at org.jetbrains.kotlin.backend.jvm.codegen.ExpressionCodegen.visitBlock(ExpressionCodegen.kt:138)
	at org.jetbrains.kotlin.ir.expressions.IrBlock.accept(IrBlock.kt:18)
	at org.jetbrains.kotlin.backend.jvm.codegen.ExpressionCodegen.visitStatementContainer(ExpressionCodegen.kt:579)
	at org.jetbrains.kotlin.backend.jvm.codegen.ExpressionCodegen.visitContainerExpression(ExpressionCodegen.kt:593)
	at org.jetbrains.kotlin.backend.jvm.codegen.ExpressionCodegen.visitContainerExpression(ExpressionCodegen.kt:138)
	at org.jetbrains.kotlin.ir.visitors.IrElementVisitor$DefaultImpls.visitBlock(IrElementVisitor.kt:122)
	at org.jetbrains.kotlin.backend.jvm.codegen.ExpressionCodegen.visitBlock(ExpressionCodegen.kt:413)
	at org.jetbrains.kotlin.backend.jvm.codegen.ExpressionCodegen.visitBlock(ExpressionCodegen.kt:138)
	at org.jetbrains.kotlin.ir.expressions.IrBlock.accept(IrBlock.kt:18)
	at org.jetbrains.kotlin.backend.jvm.codegen.SwitchGenerator$Switch.genBranchTargets(SwitchGenerator.kt:298)
	at org.jetbrains.kotlin.backend.jvm.codegen.SwitchGenerator$Switch.genOptimizedIfEnoughCases(SwitchGenerator.kt:265)
	at org.jetbrains.kotlin.backend.jvm.codegen.SwitchGenerator.generate(SwitchGenerator.kt:73)
	at org.jetbrains.kotlin.backend.jvm.codegen.ExpressionCodegen.visitWhen(ExpressionCodegen.kt:1065)
	at org.jetbrains.kotlin.backend.jvm.codegen.ExpressionCodegen.visitWhen(ExpressionCodegen.kt:138)
	at org.jetbrains.kotlin.ir.expressions.IrWhen.accept(IrWhen.kt:24)
	at org.jetbrains.kotlin.backend.jvm.codegen.ExpressionCodegen.visitStatementContainer(ExpressionCodegen.kt:579)
	at org.jetbrains.kotlin.backend.jvm.codegen.ExpressionCodegen.visitContainerExpression(ExpressionCodegen.kt:593)
	at org.jetbrains.kotlin.backend.jvm.codegen.ExpressionCodegen.visitContainerExpression(ExpressionCodegen.kt:138)
	at org.jetbrains.kotlin.ir.visitors.IrElementVisitor$DefaultImpls.visitBlock(IrElementVisitor.kt:122)
	at org.jetbrains.kotlin.backend.jvm.codegen.ExpressionCodegen.visitBlock(ExpressionCodegen.kt:413)
	at org.jetbrains.kotlin.backend.jvm.codegen.ExpressionCodegen.visitBlock(ExpressionCodegen.kt:138)
	at org.jetbrains.kotlin.ir.expressions.IrBlock.accept(IrBlock.kt:18)
	at org.jetbrains.kotlin.backend.jvm.codegen.ExpressionCodegen.visitStatementContainer(ExpressionCodegen.kt:579)
	at org.jetbrains.kotlin.backend.jvm.codegen.ExpressionCodegen.visitContainerExpression(ExpressionCodegen.kt:593)
	at org.jetbrains.kotlin.backend.jvm.codegen.ExpressionCodegen.visitContainerExpression(ExpressionCodegen.kt:138)
	at org.jetbrains.kotlin.ir.visitors.IrElementVisitor$DefaultImpls.visitBlock(IrElementVisitor.kt:122)
	at org.jetbrains.kotlin.backend.jvm.codegen.ExpressionCodegen.visitBlock(ExpressionCodegen.kt:413)
	at org.jetbrains.kotlin.backend.jvm.codegen.ExpressionCodegen.visitBlock(ExpressionCodegen.kt:138)
	at org.jetbrains.kotlin.ir.expressions.IrBlock.accept(IrBlock.kt:18)
	at org.jetbrains.kotlin.backend.jvm.codegen.ExpressionCodegen.visitWhen(ExpressionCodegen.kt:1101)
	at org.jetbrains.kotlin.backend.jvm.codegen.ExpressionCodegen.visitWhen(ExpressionCodegen.kt:138)
	at org.jetbrains.kotlin.ir.expressions.IrWhen.accept(IrWhen.kt:24)
	at org.jetbrains.kotlin.backend.jvm.codegen.ExpressionCodegen.visitStatementContainer(ExpressionCodegen.kt:579)
	at org.jetbrains.kotlin.backend.jvm.codegen.ExpressionCodegen.visitBlockBody(ExpressionCodegen.kt:584)
	at org.jetbrains.kotlin.backend.jvm.codegen.ExpressionCodegen.visitBlockBody(ExpressionCodegen.kt:138)
	at org.jetbrains.kotlin.ir.expressions.IrBlockBody.accept(IrBlockBody.kt:20)
	at org.jetbrains.kotlin.backend.jvm.codegen.ExpressionCodegen.generate(ExpressionCodegen.kt:240)
	at org.jetbrains.kotlin.backend.jvm.codegen.FunctionCodegen.doGenerate(FunctionCodegen.kt:123)
	at org.jetbrains.kotlin.backend.jvm.codegen.FunctionCodegen.generate(FunctionCodegen.kt:44)
	... 54 more


